category,total_sales,profit
 & Infant Footwear >> For Boys >> Casual Shoes >> Shopnetix Stylish & Comfort Men,49690,4710
 Clothes >> Bodysuits & Sleepsuits >> Bodysuits >> FS Mini Klub Bodysuits >> FS Mini Klub Baby Boy,113860,4060
 Clothes >> Bodysuits & Sleepsuits >> Bodysuits >> FS Mini Klub Bodysuits >> FS Mini Klub Baby Girl,30408,3800
 Clothes >> Bodysuits & Sleepsuits >> Bodysuits >> Lula Bodysuits >> Lula Baby Girl,8984,872
 Clothes >> Bodysuits & Sleepsuits >> Bodysuits >> Mom & Me Bodysuits >> Mom & Me Baby Girl,5154,846
 Clothes >> Bodysuits & Sleepsuits >> Bodysuits >> You Got Plan B Bodysuits >> You Got Plan B Baby Boy,151145,12771
 Clothes >> Bodysuits & Sleepsuits >> Bodysuits >> chota packet Bodysuits >> chota packet Baby Boy,29584,272
 Clothes >> Bodysuits & Sleepsuits >> Sleepsuits >> FS Mini Klub Sleepsuits >> FS Mini Klub Baby Boy,1392,392
 Clothes >> Bodysuits & Sleepsuits >> Sleepsuits >> Rute Sleepsuits >> Rute Baby Girl,146134,13795
 Clothes >> Bodysuits & Sleepsuits >> Sleepsuits >> Toffyhouse Sleepsuits >> Toffyhouse Baby Boy,97800,4560
 Clothes >> Combo Sets >> Babeezworld Combo Sets >> Babeezworld Dungaree Baby Boy,19644,5484
 Clothes >> Combo Sets >> HEAVENLY Combo Sets >> HEAVENLY Dress Baby Boy,136628,5421
 Clothes >> Combo Sets >> kawal fashion Combo Sets >> kawal fashion Pyjama Baby Girl,98978,748
 Clothes >> Dresses & Skirts >> Dresses >> Baby Moshai Dresses >> Baby Moshai Baby Girl,172731,21113
 Clothes >> Dresses & Skirts >> Dresses >> Beebay Dresses >> Beebay Baby Girl,724,345
 Clothes >> Dresses & Skirts >> Dresses >> Budding Bees Dresses >> Budding Bees Baby Girl,97680,15408
 Clothes >> Dresses & Skirts >> Dresses >> Chipchop Dresses >> Chipchop Baby Girl,13872,1664
 Clothes >> Dresses & Skirts >> Dresses >> Chokree Dresses >> Chokree Baby Girl,741879,44214
 Clothes >> Dresses & Skirts >> Dresses >> Fs Mini Klub Dresses >> Fs Mini Klub Baby Girl,119344,5685
 Clothes >> Dresses & Skirts >> Dresses >> Jacadi Paris Dresses >> Jacadi Paris Baby Girl,100390,17562
 Clothes >> Dresses & Skirts >> Dresses >> MKB Dresses >> MKB Baby Girl,233630,21734
 Clothes >> Dresses & Skirts >> Dresses >> My Little Lambs Dresses >> My Little Lambs Baby Girl,162454,2623
 Clothes >> Dresses & Skirts >> Dresses >> NeedyBee Dresses >> NeedyBee Baby Girl,79051,4255
 Clothes >> Dresses & Skirts >> Dresses >> Pokizo Dresses >> Pokizo Baby Girl,45584,8316
 Clothes >> Dresses & Skirts >> Dresses >> Saba Garments Dresses >> Saba Garments Baby Girl,39215,7688
 Clothes >> Dresses & Skirts >> Dresses >> Seals Dresses >> Seals Baby Girl,38212,17343
 Clothes >> Dresses & Skirts >> Dresses >> Titrit Dresses >> Titrit Baby Girl,140240,11360
 Clothes >> Dresses & Skirts >> Dresses >> Toddla Dresses >> Toddla Baby Girl,75632,6384
 Clothes >> Dresses & Skirts >> Dresses >> Via Italia Dresses >> Via Italia Baby Girl,108790,10318
 Clothes >> Dresses & Skirts >> Dresses >> Wow! Dresses >> Wow! Baby Girl,182161,21457
 Clothes >> Dresses & Skirts >> Dresses >> Yashasvi Dresses >> Yashasvi Baby Girl,94488,9096
 Clothes >> Dresses & Skirts >> Dresses >> Young Birds Dresses >> Young Birds Baby Girl,8757,5733
 Clothes >> Dungarees & Jumpsuits >> Dungarees >> Babeezworld Dungarees >> Babeezworld Baby Boy,1355182,178559
 Clothes >> Dungarees & Jumpsuits >> Dungarees >> Kandyfloss Dungarees >> Kandyfloss Baby Boy,38563,19257
 Clothes >> Dungarees & Jumpsuits >> Dungarees >> Mee Mee Dungarees >> Mee Mee Baby Boy,34863,5214
 Clothes >> Dungarees & Jumpsuits >> Dungarees >> Teddy,87747,1188
 Clothes >> Dungarees & Jumpsuits >> Dungarees >> cherry crumble california Dungarees >> cherry crumble california Baby Boy,6474,2379
 Clothes >> Dungarees & Jumpsuits >> Jumpsuits >> Beebay Jumpsuits >> Beebay Printed Baby Girl,38684,7144
 Clothes >> Dungarees & Jumpsuits >> Jumpsuits >> Budding Bees Jumpsuits >> Budding Bees Printed Baby Girl,181720,10605
 Clothes >> Ethnic Wear >> Ethnic Sets >> Lil,31922,2321
 Clothes >> Innerwear & Sleepwear >> Bloomers & Drawers >> Esteem Bloomers & Drawers >> Esteem Baby Boy,148320,14490
 Clothes >> Innerwear & Sleepwear >> Night Suits >> CHOCOBERRY Night Suits >> CHOCOBERRY Baby Girl,132792,10912
 Clothes >> Innerwear & Sleepwear >> Night Suits >> LITTLE FEETZ Night Suits >> LITTLE FEETZ Baby Girl,10396,3772
 Clothes >> Innerwear & Sleepwear >> Night Suits >> MYFAA Night Suits >> MYFAA Baby Girl,196146,29320
 Clothes >> Innerwear & Sleepwear >> Night Suits >> Mom and Kid Night Suits >> Mom and Kid Baby Girl,38881,15792
 Clothes >> Innerwear & Sleepwear >> Night Suits >> NammaBaby Night Suits >> NammaBaby Baby Girl,133110,2079
 Clothes >> Innerwear & Sleepwear >> Night Suits >> Thakkar Night Suits >> Thakkar Baby Girl,75696,16454
 Clothes >> Innerwear & Sleepwear >> Night Suits >> next steps Night Suits >> next steps Baby Girl,586617,47040
 Clothes >> Leggings & Jeggings >> Babyoye Premium Leggings & Jeggings >> Babyoye Premium Baby Girl,90984,9100
 Clothes >> Leggings & Jeggings >> Fisher-Price Leggings & Jeggings >> Fisher-Price Baby Girl,82177,1480
 Clothes >> Leggings & Jeggings >> GREENWICH Leggings & Jeggings >> GREENWICH Baby Girl,19106,8364
 Clothes >> Leggings & Jeggings >> Zero Leggings & Jeggings >> Zero Baby Girl,210227,13416
 Clothes >> Polos & T-Shirts >> Dongli Polos & T-Shirts >> Dongli Striped Baby Boy,300941,15370
 Clothes >> Polos & T-Shirts >> Fs Mini Klub Polos & T-Shirts >> Fs Mini Klub Printed Baby Boy,261226,19432
 Clothes >> Polos & T-Shirts >> Globe Polos & T-Shirts >> Globe Graphic Print Baby Boy,90915,4028
 Clothes >> Polos & T-Shirts >> NavyaRiti Polos & T-Shirts >> NavyaRiti Striped Baby Boy,306222,27818
 Clothes >> Polos & T-Shirts >> Rishan Polos & T-Shirts >> Rishan Printed Baby Boy,141306,14586
 Clothes >> Polos & T-Shirts >> Toons Polos & T-Shirts >> Toons Printed Baby Boy,2085,1015
 Clothes >> Polos & T-Shirts >> YK Polos & T-Shirts >> YK Striped Baby Boy,140940,7317
 Clothes >> Polos & T-Shirts >> dongli Polos & T-Shirts >> dongli Striped Baby Boy,38141,15652
 Clothes >> Shirts >> 612 League Shirts >> 612 League Baby Boy,111568,15314
 Clothes >> Shirts >> Beebay Shirts >> Beebay Baby Boy,236526,17907
 Clothes >> Shirts >> CALCULUS Shirts >> CALCULUS Baby Boy,39273,9906
 Clothes >> Shirts >> Cotton On Kids Shirts >> Cotton On Kids Baby Boy,361848,60014
 Clothes >> Shirts >> FS Mini Klub Shirts >> FS Mini Klub Baby Boy,8347,5083
 Clothes >> Shirts >> Fs Mini Klub Shirts >> Fs Mini Klub Baby Boy,149087,14303
 Clothes >> Shirts >> Jacadi paris Shirts >> Jacadi paris Baby Boy,154396,10076
 Clothes >> Shirts >> cherry crumble california Shirts >> cherry crumble california Baby Boy,115623,6705
 Clothes >> Shorts & Trousers >> Pyjamas >> CrayonFlakes Pyjamas >> CrayonFlakes Baby Girl,26260,2834
 Clothes >> Shorts & Trousers >> Shorts >> FS Mini Klub Shorts >> FS Mini Klub Printed Baby Boy,146913,18876
 Clothes >> Shorts & Trousers >> Shorts >> FS Mini Klub Shorts >> FS Mini Klub Printed Baby Girl,351481,31366
 Clothes >> Shorts & Trousers >> Shorts >> Lilliput Shorts >> Lilliput Solid Baby Boy,37164,984
 Clothes >> Shorts & Trousers >> Shorts >> Vitamins Shorts >> Vitamins Embroidered Baby Girl,46113,6156
 Clothes >> Shorts & Trousers >> Shorts >> Vitamins Shorts >> Vitamins Graphic Print Baby Girl,16640,5480
 Clothes >> Shorts & Trousers >> Shorts >> Vitamins Shorts >> Vitamins Solid Baby Girl,5589,2185
 Clothes >> Shorts & Trousers >> Shorts >> Zero Shorts >> Zero Printed Baby Boy,85927,8832
 Clothes >> Shorts & Trousers >> Three Fourths >> Lilliput Three Fourths >> Lilliput Solid Baby Boy,45831,11030
 Clothes >> Shorts & Trousers >> Track Pants >> Mom & Me Track Pants >> Mom & Me Solid Baby Girl,92050,5500
 Clothes >> Shorts & Trousers >> Track Pants >> Shaun Track Pants >> Shaun Printed Baby Boy,102674,8216
 Clothes >> Shorts & Trousers >> Track Pants >> Shaun Track Pants >> Shaun Solid Baby Boy,14715,11097
 Clothes >> Shorts & Trousers >> Trousers >> Addyvero Trousers >> Addyvero Regular Fit Baby Girl,91018,2958
 Clothes >> Shorts & Trousers >> Trousers >> CoffeeBean Trousers >> CoffeeBean Regular Fit Baby Girl,43826,5151
 Clothes >> Suits and Blazers >> Blazers >> Oxolloxo Blazers >> Oxolloxo Solid Single Breasted Casual Women,230016,7008
 Clothes >> T-Shirts & Tops >> Shrugs >> Kushies baby Shrugs >> Kushies baby Baby Girl,56364,3058
 Clothes >> Winter & Seasonal Wear >> Jackets >> Snuggles Jackets >> Snuggles Full Sleeve Printed Baby Boy,36738,8346
 Clothes >> Winter & Seasonal Wear >> Jackets >> Upside Down Jackets >> Upside Down Sleeveless Applique Baby Girl,50130,5715
 Clothing >> Boys Wear >> Combo Sets >> dongli Combo Sets >> dongli Night Suit Boy,124588,6059
 Clothing >> Boys Wear >> Dungarees & Jumpsuits >> Dungarees >> Oye Dungarees >> Oye Boy,5778,1620
 Clothing >> Boys Wear >> Ethnic Wear >> Ethnic Sets >> AJ Dezines Ethnic Sets >> AJ Dezines Boy,779134,59737
 Clothing >> Boys Wear >> Ethnic Wear >> Ethnic Sets >> FTCBAZAR Ethnic Sets >> FTCBAZAR Boy,44272,16562
 Clothing >> Boys Wear >> Ethnic Wear >> Ethnic Sets >> FTCBazar Ethnic Sets >> FTCBazar Boy,108100,17061
 Clothing >> Boys Wear >> Ethnic Wear >> Ethnic Sets >> Jazzup Ethnic Sets >> Jazzup Baby Boy,180772,14620
 Clothing >> Boys Wear >> Ethnic Wear >> Ethnic Sets >> Jazzup Ethnic Sets >> Jazzup Boy,607063,62088
 Clothing >> Boys Wear >> Ethnic Wear >> Ethnic Sets >> Jbn Creation Ethnic Sets >> Jbn Creation Boy,320390,40962
 Clothing >> Boys Wear >> Ethnic Wear >> Ethnic Sets >> Jeet Ethnic Sets >> Jeet Boy,73275,6725
 Clothing >> Boys Wear >> Ethnic Wear >> Ethnic Sets >> Kabeer Ethnic Sets >> Kabeer Boy,89562,9154
 Clothing >> Boys Wear >> Ethnic Wear >> Ethnic Sets >> Kishore Dresses Ethnic Sets >> Kishore Dresses Boy,259612,12750
 Clothing >> Boys Wear >> Ethnic Wear >> Ethnic Sets >> NIPPY Ethnic Sets >> NIPPY Boy,27456,3104
 Clothing >> Boys Wear >> Innerwear & Sleepwear >> Bloomers & Drawers >> Esteem Bloomers & Drawers >> Esteem Boy,171096,15024
 Clothing >> Boys Wear >> Innerwear & Sleepwear >> Boxers >> BelleGirl Boxers >> BelleGirl Floral Print Baby Girl,115248,16170
 Clothing >> Boys Wear >> Innerwear & Sleepwear >> Boxers >> Bodycare Boxers >> Bodycare Checkered Boy,375371,24595
 Clothing >> Boys Wear >> Innerwear & Sleepwear >> Briefs >> Bodycare Briefs >> Bodycare Boy,193252,20026
 Clothing >> Boys Wear >> Innerwear & Sleepwear >> Briefs >> Njoy Briefs >> Njoy Boy,72500,2750
 Clothing >> Boys Wear >> Innerwear & Sleepwear >> Briefs >> RAA Briefs >> RAA Boy,70152,15466
 Clothing >> Boys Wear >> Innerwear & Sleepwear >> Briefs >> e-Fresh Briefs >> e-Fresh Boy,50220,3750
 Clothing >> Boys Wear >> Innerwear & Sleepwear >> Night Suits >> Nuteez Night Suits >> Nuteez Boy,155760,6996
 Clothing >> Boys Wear >> Innerwear & Sleepwear >> Night Suits >> Proteens Night Suits >> Proteens Boy,139152,1833
 Clothing >> Boys Wear >> Innerwear & Sleepwear >> Vests >> Bodycare Vests >> Bodycare Boy,41597,13274
 Clothing >> Boys Wear >> Innerwear & Sleepwear >> Vests >> Gkidz Vests >> Gkidz Boy,22814,2464
 Clothing >> Boys Wear >> Jeans >> Bada Saab Juniors Jeans >> Bada Saab Juniors Regular Fit Boy,31944,3136
 Clothing >> Boys Wear >> Jeans >> Clench Jeans >> Clench Skinny Fit Boy,183085,16800
 Clothing >> Boys Wear >> Jeans >> I cube Jeans >> I cube Slim Fit Boy,192325,7840
 Clothing >> Boys Wear >> Jeans >> Mankoose Jeans >> Mankoose Regular fit Fit Boy,39756,432
 Clothing >> Boys Wear >> Jeans >> Ocean India Jeans >> Ocean India Regular Fit Fit Boy,18074,3227
 Clothing >> Boys Wear >> Jeans >> Tara Lifestyle Jeans >> Tara Lifestyle Slim Fit Boy,2934,486
 Clothing >> Boys Wear >> Jeans >> Wilkins & Tuscany Jeans >> Wilkins & Tuscany Regular Fit Boy,457694,56350
 Clothing >> Boys Wear >> Jeans >> YK Jeans >> YK Regular Fit Boy,309342,22918
 Clothing >> Boys Wear >> Jeans >> Yes Zone Jeans >> Yes Zone Regular Fit Boy,470587,30397
 Clothing >> Boys Wear >> Polos & T-Shirts >> ARMOIRE Polos & T-Shirts >> ARMOIRE Printed Boy,39238,667
 Clothing >> Boys Wear >> Polos & T-Shirts >> BIKER BOYS Polos & T-Shirts >> BIKER BOYS Printed Boy,240873,19887
 Clothing >> Boys Wear >> Polos & T-Shirts >> Be 13 Polos & T-Shirts >> Be 13 Printed Boy,65171,10778
 Clothing >> Boys Wear >> Polos & T-Shirts >> Beebay Polos & T-Shirts >> Beebay Striped Boy,169056,10836
 Clothing >> Boys Wear >> Polos & T-Shirts >> Crux&Hunter Polos & T-Shirts >> Crux&Hunter Printed Boy,12230,1588
 Clothing >> Boys Wear >> Polos & T-Shirts >> Gkidz Polos & T-Shirts >> Gkidz Printed Boy,26657,881
 Clothing >> Boys Wear >> Polos & T-Shirts >> LAST BENCH Polos & T-Shirts >> LAST BENCH Printed Boy,23735,10857
 Clothing >> Boys Wear >> Polos & T-Shirts >> LUMBER BOY Polos & T-Shirts >> LUMBER BOY Printed Boy,31360,2786
 Clothing >> Boys Wear >> Polos & T-Shirts >> LUMBER BOY Polos & T-Shirts >> LUMBER BOY Self Design Boy,137478,17925
 Clothing >> Boys Wear >> Polos & T-Shirts >> Nike Polos & T-Shirts >> Nike Graphic Print Boy,122682,3570
 Clothing >> Boys Wear >> Polos & T-Shirts >> YK Polos & T-Shirts >> YK Printed Boy,42066,8244
 Clothing >> Boys Wear >> Polos & T-Shirts >> YK Polos & T-Shirts >> YK Solid Boy,13525,2430
 Clothing >> Boys Wear >> Polos & T-Shirts >> Zippy Polos & T-Shirts >> Zippy Printed Boy,226530,19886
 Clothing >> Boys Wear >> Polos & T-Shirts >> dongli Polos & T-Shirts >> dongli Printed Boy,39630,2840
 Clothing >> Boys Wear >> Polos & T-Shirts >> topolino Polos & T-Shirts >> topolino Striped Boy,18910,1500
 Clothing >> Boys Wear >> Shorts & 3/4ths >> Shorts >> Broche Shorts >> Broche Printed Boy,104811,5796
 Clothing >> Boys Wear >> Shorts & 3/4ths >> Shorts >> Lilliput Shorts >> Lilliput Solid Boy,69690,4470
 Clothing >> Boys Wear >> Shorts & 3/4ths >> Shorts >> Spictex Shorts >> Spictex Checkered Boy,209230,19845
 Clothing >> Boys Wear >> Shorts & 3/4ths >> Three Fourths >> Dreamszone Three Fourths >> Dreamszone Solid Boy,18272,7552
 Clothing >> Boys Wear >> Shorts & 3/4ths >> Three Fourths >> Vio Three Fourths >> Vio Polka Print Boy,31664,6384
 Clothing >> Boys Wear >> Sports Wear >> Track Pants >> Jazzup Track Pants >> Jazzup Solid Boy,112992,1104
 Clothing >> Boys Wear >> Sports Wear >> Track Pants >> MTB Track Pants >> MTB Solid Boy,36090,6135
 Clothing >> Boys Wear >> Sports Wear >> Track Suits >> BURDY Track Suits >> BURDY Solid Boy,250062,25284
 Clothing >> Boys Wear >> Sports Wear >> Track Suits >> Cayman Track Suits >> Cayman Solid Boy,50490,3675
 Clothing >> Boys Wear >> Sports Wear >> Track Suits >> adidas Track Suits >> adidas Boy,154548,10908
 Clothing >> Boys Wear >> Suits and Blazers >> Blazers >> Allen Solly Blazers >> Allen Solly Solid Single Breasted Casual Boy,98665,10920
 Clothing >> Boys Wear >> Suits and Blazers >> Blazers >> Kute Kids Blazers >> Kute Kids Coat Suit Set Solid Boy,65360,4408
 Clothing >> Boys Wear >> Suits and Blazers >> Blazers >> Mi Dulce An,41712,4686
 Clothing >> Boys Wear >> Trousers & Cargos >> Pyjamas >> Shaun Pyjamas >> Shaun Boy,59697,10358
 Clothing >> Boys Wear >> Trousers & Cargos >> Trousers >> Clench Trousers >> Clench Slim Fit Boy,100600,9140
 Clothing >> Boys Wear >> Trousers & Cargos >> Trousers >> Lilliput Trousers >> Lilliput Regular Fit Boy,107606,6300
 Clothing >> Boys Wear >> Trousers & Cargos >> Trousers >> benext Trousers >> benext Regular Fit Boy,76576,8416
 Clothing >> Boys Wear >> Winter & Seasonal Wear >> Sweaters >> Allen Solly Sweaters >> Allen Solly Self Design Crew Neck Boy,43105,3663
 Clothing >> Boys Wear >> Winter & Seasonal Wear >> Sweatshirts >> Lilliput Sweatshirts >> Lilliput Full Sleeve Printed Boy,28896,3320
 Clothing >> Boys Wear >> e-Fresh Boys Wear >> e-Fresh Boy,63718,12063
 Clothing >> Girls Wear >> Accessories >> Scarves & Stoles >> BOLLYWOOD ACCESSORY Scarves & Stoles >> BOLLYWOOD ACCESSORY Printed Polyester Girl,8640,98
 Clothing >> Girls Wear >> Combo Sets >> Be 13 Combo Sets >> Be 13 Dress Girl,76230,4494
 Clothing >> Girls Wear >> Combo Sets >> D-ROCK Combo Sets >> D-ROCK Jeans Girl,122169,6794
 Clothing >> Girls Wear >> Combo Sets >> lil,134875,14591
 Clothing >> Girls Wear >> Dresses & Skirts >> Dresses >> CrayonFlakes Dresses >> CrayonFlakes Girl,35472,6960
 Clothing >> Girls Wear >> Dresses & Skirts >> Dresses >> Cutecumber Dresses >> Cutecumber Girl,50601,17316
 Clothing >> Girls Wear >> Dresses & Skirts >> Dresses >> FTCBAZAR Dresses >> FTCBAZAR Girl,60291,10362
 Clothing >> Girls Wear >> Dresses & Skirts >> Dresses >> Garlynn Dresses >> Garlynn Girl,21330,234
 Clothing >> Girls Wear >> Dresses & Skirts >> Dresses >> Hunny Bunny Dresses >> Hunny Bunny Girl,97014,13432
 Clothing >> Girls Wear >> Dresses & Skirts >> Dresses >> JBN Creation Dresses >> JBN Creation Girl,261430,21282
 Clothing >> Girls Wear >> Dresses & Skirts >> Dresses >> Jazzup Dresses >> Jazzup Girl,46300,600
 Clothing >> Girls Wear >> Dresses & Skirts >> Dresses >> Koolkids Dresses >> Koolkids Girl,22601,5828
 Clothing >> Girls Wear >> Dresses & Skirts >> Dresses >> LILZIZU Dresses >> LILZIZU Girl,75068,7742
 Clothing >> Girls Wear >> Dresses & Skirts >> Dresses >> Manjaree Dresses >> Manjaree Girl,219368,41386
 Clothing >> Girls Wear >> Dresses & Skirts >> Dresses >> Masaba for Magic fairy Dresses >> Masaba for Magic fairy Girl,19932,726
 Clothing >> Girls Wear >> Dresses & Skirts >> Dresses >> NOQNOQ Dresses >> NOQNOQ Girl,275164,36816
 Clothing >> Girls Wear >> Dresses & Skirts >> Dresses >> Pogo Dresses >> Pogo Girl,173348,3854
 Clothing >> Girls Wear >> Dresses & Skirts >> Dresses >> Pokizo Dresses >> Pokizo Girl,87379,12960
 Clothing >> Girls Wear >> Dresses & Skirts >> Dresses >> SAARAH Dresses >> SAARAH Girl,45029,2146
 Clothing >> Girls Wear >> Dresses & Skirts >> Dresses >> SINGHAM Dresses >> SINGHAM Girl,3575,1027
 Clothing >> Girls Wear >> Dresses & Skirts >> Dresses >> Tiny Toon Dresses >> Tiny Toon Girl,44064,2412
 Clothing >> Girls Wear >> Dresses & Skirts >> Dresses >> Toy Balloon Kids Dresses >> Toy Balloon Kids Girl,36864,1872
 Clothing >> Girls Wear >> Dresses & Skirts >> Dresses >> Trackdeal Dresses >> Trackdeal Girl,257629,18773
 Clothing >> Girls Wear >> Dresses & Skirts >> Dresses >> Trendy Girls Dresses >> Trendy Girls Girl,62814,3724
 Clothing >> Girls Wear >> Dresses & Skirts >> Dresses >> Twin Twine Dresses >> Twin Twine Girl,117530,2310
 Clothing >> Girls Wear >> Dresses & Skirts >> Dresses >> Yoshana Dresses >> Yoshana Girl,116999,14042
 Clothing >> Girls Wear >> Dresses & Skirts >> Dresses >> lil zizu Dresses >> lil zizu Girl,119556,1152
 Clothing >> Girls Wear >> Dresses & Skirts >> Skirts >> Bella Moda Skirts >> Bella Moda Printed Girl,34538,3234
 Clothing >> Girls Wear >> Dresses & Skirts >> Skirts >> Sera Skirts >> Sera Printed Girl,75416,8184
 Clothing >> Girls Wear >> Dresses & Skirts >> Skirts >> Sharleez Skirts >> Sharleez Solid Women,13176,4056
 Clothing >> Girls Wear >> Dungarees & Jumpsuits >> Dungarees >> Bells and Whistles Dungarees >> Bells and Whistles Girl,28062,3402
 Clothing >> Girls Wear >> Dungarees & Jumpsuits >> Dungarees >> Blinkin Dungarees >> Blinkin Girl,38324,2387
 Clothing >> Girls Wear >> Dungarees & Jumpsuits >> Dungarees >> ELLE Dungarees >> ELLE Girl,80956,962
 Clothing >> Girls Wear >> Dungarees & Jumpsuits >> Dungarees >> Lilliput Dungarees >> Lilliput Girl,91676,13646
 Clothing >> Girls Wear >> Dungarees & Jumpsuits >> Dungarees >> My Lil,147456,12456
 Clothing >> Girls Wear >> Dungarees & Jumpsuits >> Dungarees >> Naughty Ninos Dungarees >> Naughty Ninos Girl,289765,18415
 Clothing >> Girls Wear >> Dungarees & Jumpsuits >> Dungarees >> Yellow Pingo Dungarees >> Yellow Pingo Girl,113857,10209
 Clothing >> Girls Wear >> Dungarees & Jumpsuits >> Dungarees >> cherry crumble california Dungarees >> cherry crumble california Girl,68488,3836
 Clothing >> Girls Wear >> Dungarees & Jumpsuits >> Jumpsuits >> Bells and Whistles Jumpsuits >> Bells and Whistles Solid Girl,61440,6225
 Clothing >> Girls Wear >> Dungarees & Jumpsuits >> Jumpsuits >> Oye Jumpsuits >> Oye Printed Girl,83120,6240
 Clothing >> Girls Wear >> Dungarees & Jumpsuits >> Jumpsuits >> Pari & Prince Jumpsuits >> Pari & Prince Printed Girl,18752,3016
 Clothing >> Girls Wear >> Ethnic Wear >> Ethnic Sets >> Aarika Ethnic Sets >> Aarika Girl,352023,13986
 Clothing >> Girls Wear >> Ethnic Wear >> Ethnic Sets >> Be 13 Ethnic Sets >> Be 13 Girl,121611,11181
 Clothing >> Girls Wear >> Ethnic Wear >> Ethnic Sets >> JBN Creation Ethnic Sets >> JBN Creation Girl,67200,2704
 Clothing >> Girls Wear >> Ethnic Wear >> Ethnic Sets >> Quenell Ethnic Sets >> Quenell Girl,29394,6164
 Clothing >> Girls Wear >> Ethnic Wear >> Ethnic Sets >> Retaaz Ethnic Sets >> Retaaz Girl,101825,3275
 Clothing >> Girls Wear >> Ethnic Wear >> Ethnic Sets >> Swag India Ethnic Sets >> Swag India Girl,30600,1215
 Clothing >> Girls Wear >> Ethnic Wear >> Kurtas >> BrandMeUp Kurtas >> BrandMeUp Solid Women,27576,1980
 Clothing >> Girls Wear >> Ethnic Wear >> Kurtas >> CORA Kurtas >> CORA Striped Girl,52525,6190
 Clothing >> Girls Wear >> Ethnic Wear >> Kurtas >> COTTON ON KIDS Kurtas >> COTTON ON KIDS Printed Girl,87744,4112
 Clothing >> Girls Wear >> Ethnic Wear >> Kurtas >> RETAIL SHOP INDIA Kurtas >> RETAIL SHOP INDIA Printed Girl,181984,6794
 Clothing >> Girls Wear >> Ethnic Wear >> Kurtis >> Red Peach Kurtis >> Red Peach Casual Printed Women,12666,648
 Clothing >> Girls Wear >> Ethnic Wear >> North & South Indian Lehenga Cholis >> Be 13 North & South Indian Lehenga Cholis >> Be 13 Self Design Girl,74761,11900
 Clothing >> Girls Wear >> Ethnic Wear >> North & South Indian Lehenga Cholis >> Design Desk North & South Indian Lehenga Cholis >> Design Desk Self Design Girl,19030,968
 Clothing >> Girls Wear >> Ethnic Wear >> North & South Indian Lehenga Cholis >> Galexy Fashion North & South Indian Lehenga Cholis >> Galexy Fashion Self Design Girl,194709,18040
 Clothing >> Girls Wear >> Ethnic Wear >> North & South Indian Lehenga Cholis >> Great Art North & South Indian Lehenga Cholis >> Great Art Printed Girl,73460,9104
 Clothing >> Girls Wear >> Ethnic Wear >> North & South Indian Lehenga Cholis >> Pakiza Design North & South Indian Lehenga Cholis >> Pakiza Design Self Design Girl,69659,2624
 Clothing >> Girls Wear >> Ethnic Wear >> North & South Indian Lehenga Cholis >> Saarah North & South Indian Lehenga Cholis >> Saarah Self Design Girl,24480,3570
 Clothing >> Girls Wear >> Ethnic Wear >> North & South Indian Lehenga Cholis >> Tiny Toon North & South Indian Lehenga Cholis >> Tiny Toon Embroidered Girl,50220,7128
 Clothing >> Girls Wear >> Ethnic Wear >> North & South Indian Lehenga Cholis >> Unique Fashion North & South Indian Lehenga Cholis >> Unique Fashion Self Design Girl,9340,3590
 Clothing >> Girls Wear >> Innerwear & Sleepwear >> Panties >> Bodycare Panties >> Bodycare Girl,1460,371
 Clothing >> Girls Wear >> Innerwear & Sleepwear >> Panties >> MRB Panties >> MRB Baby Girl,116550,1591
 Clothing >> Girls Wear >> Innerwear & Sleepwear >> Panties >> Red Rose Panties >> Red Rose Girl,18360,1615
 Clothing >> Girls Wear >> Innerwear & Sleepwear >> Vests >> Texco Vests >> Texco Girl,171696,34826
 Clothing >> Girls Wear >> Innerwear & Sleepwear >> Vests >> kea Vests >> kea Girl,362880,22134
 Clothing >> Girls Wear >> Jeans >> FS Mini Klub Jeans >> FS Mini Klub Regular Fit Girl,46480,2880
 Clothing >> Girls Wear >> Jeans >> Jheel Jeans >> Jheel Slim Fit Girl,28850,1250
 Clothing >> Girls Wear >> Jeans >> Kitts N Nevis Jeans >> Kitts N Nevis Slim Fit Girl,7483,2877
 Clothing >> Girls Wear >> Jeans >> T THREE Jeans >> T THREE SLIM Fit Girl,147444,3168
 Clothing >> Girls Wear >> Jeans >> fashion point Jeans >> fashion point SLIM Fit Girl,52592,13756
 Clothing >> Girls Wear >> Jeans >> fourgee Jeans >> fourgee Slim Fit Girl,20268,1242
 Clothing >> Girls Wear >> Leggings & Jeggings >> E,106515,2484
 Clothing >> Girls Wear >> Leggings & Jeggings >> Famaya Leggings & Jeggings >> Famaya Girl,343486,26325
 Clothing >> Girls Wear >> Leggings & Jeggings >> Shiyara Leggings & Jeggings >> Shiyara Girl,109548,5004
 Clothing >> Girls Wear >> Shorts & Capris >> Shorts >> FS Mini Klub Shorts >> FS Mini Klub Printed Girl,29435,12267
 Clothing >> Girls Wear >> Sports Wear >> Swimsuits >> Speedo Swimsuits >> Speedo Monogram Allover Splashback Solid Girl,215045,13530
 Clothing >> Girls Wear >> Sports Wear >> Track Pants >> Abstract Mood Track Pants >> Abstract Mood Solid Girl,16856,1148
 Clothing >> Girls Wear >> Sports Wear >> Track Pants >> Jazzup Track Pants >> Jazzup Solid Girl,397063,33075
 Clothing >> Girls Wear >> T-Shirts & Tops >> T-Shirts >> Starsy T-Shirts >> Starsy Printed Girl,123844,12208
 Clothing >> Girls Wear >> T-Shirts & Tops >> T-Shirts >> Trmpi T-Shirts >> Trmpi Floral Print Girl,150593,19516
 Clothing >> Girls Wear >> T-Shirts & Tops >> T-Shirts >> YK T-Shirts >> YK Printed Girl,64194,1456
 Clothing >> Girls Wear >> T-Shirts & Tops >> T-Shirts >> appleofmyi T-Shirts >> appleofmyi Printed Girl,7532,238
 Clothing >> Girls Wear >> T-Shirts & Tops >> Tops >> Gkidz Tops >> Gkidz Casual Short Sleeve Printed Girl,187731,31107
 Clothing >> Girls Wear >> T-Shirts & Tops >> Tops >> Hunny Bunny Tops >> Hunny Bunny Casual Sleeveless Polka Print Girl,13662,642
 Clothing >> Girls Wear >> T-Shirts & Tops >> Tops >> Little Kangaroos Tops >> Little Kangaroos Casual Sleeveless Striped Girl,81136,8800
 Clothing >> Girls Wear >> T-Shirts & Tops >> Tops >> RPB Tops >> RPB Casual 3/4 Sleeve Solid Girl,45666,13932
 Clothing >> Girls Wear >> T-Shirts & Tops >> Tops >> RPB Tops >> RPB Casual Sleeveless Solid Girl,91724,2990
 Clothing >> Girls Wear >> T-Shirts & Tops >> Tops >> VASTRAM Tops >> VASTRAM Casual Sleeveless Solid Girl,1817,489
 Clothing >> Girls Wear >> T-Shirts & Tops >> Tunics >> Download Apparel Tunics >> Download Apparel Floral Print Girl,49881,1053
 Clothing >> Girls Wear >> T-Shirts & Tops >> Tunics >> KID,167220,9945
 Clothing >> Girls Wear >> Trousers & Cargos >> Cargos >> Quechua Cargos >> Quechua MOD TECHFRESH Girl,236592,2592
 Clothing >> Girls Wear >> Trousers & Cargos >> Pyjamas >> Gee & Bee Pyjamas >> Gee & Bee Girl,24840,300
 Clothing >> Girls Wear >> Trousers & Cargos >> Pyjamas >> Kothari Pyjamas >> Kothari Girl,37560,13384
 Clothing >> Girls Wear >> Trousers & Cargos >> Trousers >> Rama Trousers >> Rama Regular Fit Girl,106681,4961
 Clothing >> Girls Wear >> Trousers & Cargos >> Trousers >> URBAN SHAUK Trousers >> URBAN SHAUK Regular Fit Girl,30312,4596
 Clothing >> Girls Wear >> Trousers & Cargos >> Trousers >> United Colors of Benetton Trousers >> United Colors of Benetton Girl,136345,13579
 Clothing >> Girls Wear >> Trousers & Cargos >> Trousers >> beebay Trousers >> beebay Slim Fit Girl,231264,5136
 Clothing >> Girls Wear >> Winter & Seasonal Wear >> Jackets >> Cutecumber Jackets >> Cutecumber Sleeveless Animal Print Girl,2268,1236
 Clothing >> Girls Wear >> Winter & Seasonal Wear >> Jackets >> INDIRANG Jackets >> INDIRANG Sleeveless Solid Girl,45254,7786
 Clothing >> Girls Wear >> Winter & Seasonal Wear >> Jackets >> Lilpicks Couture Jackets >> Lilpicks Couture Full Sleeve Floral Print Girl,53406,15050
 Clothing >> Girls Wear >> Winter & Seasonal Wear >> Jackets >> Lolaski Jackets >> Lolaski Sleeveless Self Design Girl,4450,100
 Clothing >> Girls Wear >> Winter & Seasonal Wear >> Jackets >> Lolaski Jackets >> Lolaski Sleeveless Striped Girl,174669,14685
 Clothing >> Girls Wear >> Winter & Seasonal Wear >> Jackets >> Lolaski Jackets >> Lolaski Sleeveless Striped Women,174375,13140
 Clothing >> Girls Wear >> Winter & Seasonal Wear >> Jackets >> Toddla Jackets >> Toddla Full Sleeve Solid Girl,137340,19575
 Clothing >> Girls Wear >> Winter & Seasonal Wear >> Raincoats >> rainfun Raincoats >> rainfun Printed Girl,79480,5180
 Clothing >> Girls Wear >> Winter & Seasonal Wear >> Sweaters >> ELLE Sweaters >> ELLE Self Design Round Neck Casual Girl,18864,228
 Clothing >> Girls Wear >> Winter & Seasonal Wear >> Sweaters >> KIDS VILLAGE Sweaters >> KIDS VILLAGE Applique Round Neck Casual Girl,110038,13098
 Clothing >> Girls Wear >> Winter & Seasonal Wear >> Sweatshirts >> Bio kid Sweatshirts >> Bio kid Full Sleeve Printed Girl,320390,25676
 Clothing >> Girls Wear >> Winter & Seasonal Wear >> Thermals >> Laser X Thermals >> Laser X Quilted Girl,19272,1248
 Clothing >> Infants Wear >> Baby Boys >> Accessories >> Socks >> Ole Baby Socks >> Ole Baby Baby Boy,41646,1639
 Clothing >> Infants Wear >> Baby Boys >> Innerwear & Sleepwear >> Bloomers & Drawers >> Little,5985,441
 Clothing >> Infants Wear >> Baby Boys >> Innerwear & Sleepwear >> Night Suits >> Bio Kid Night Suits >> Bio Kid Infant Pyjama Set Baby Boy,64090,5460
 Clothing >> Infants Wear >> Baby Boys >> Polos & T-Shirts >> 612 League Polos & T-Shirts >> 612 League Solid Baby Boy,102069,4818
 Clothing >> Infants Wear >> Baby Boys >> Polos & T-Shirts >> 612 League Polos & T-Shirts >> 612 League Striped Baby Boy,85560,3750
 Clothing >> Infants Wear >> Baby Boys >> Polos & T-Shirts >> Be 13 Polos & T-Shirts >> Be 13 Printed Baby Boy,301049,16294
 Clothing >> Infants Wear >> Baby Boys >> Polos & T-Shirts >> GINI & JONY Polos & T-Shirts >> GINI & JONY Printed Baby Boy,41482,308
 Clothing >> Infants Wear >> Baby Boys >> Polos & T-Shirts >> GINI & JONY Polos & T-Shirts >> GINI & JONY Solid Baby Boy,726698,62432
 Clothing >> Infants Wear >> Baby Boys >> Polos & T-Shirts >> UCB Polos & T-Shirts >> UCB Baby Boy,61684,8896
 Clothing >> Infants Wear >> Baby Boys >> Shirts >> Beebay Shirts >> Beebay Baby Boy,228242,9016
 Clothing >> Infants Wear >> Baby Boys >> Shirts >> Purple Nasty Shirts >> Purple Nasty Baby Boy,38080,14630
 Clothing >> Infants Wear >> Baby Girls >> Accessories >> Socks >> Pumpkin Patch Socks >> Pumpkin Patch Baby Girl,116424,12656
 Clothing >> Infants Wear >> Baby Girls >> Dungarees & Jumpsuits >> Dungarees >> Tillu Pillu Dungarees >> Tillu Pillu Baby Girl,19272,1040
 Clothing >> Infants Wear >> Baby Girls >> Innerwear & Sleepwear >> Vests >> Adt Saral Vests >> Adt Saral Baby Girl,130080,2700
 Clothing >> Infants Wear >> Baby Girls >> Shorts & Trousers >> Pyjamas >> INDIRANG Pyjamas >> INDIRANG Baby Girl,40560,9360
 Clothing >> Infants Wear >> Baby Girls >> Shorts & Trousers >> Trousers >> Beebay Trousers >> Beebay Regular Fit Baby Girl,26341,154
 Clothing >> Infants Wear >> Baby Girls >> Shorts & Trousers >> Trousers >> UCB Trousers >> UCB Baby Girl,34167,5289
 Clothing >> Infants Wear >> Baby Girls >> Winter & Seasonal Wear >> Sweaters >> Snuggles Sweaters >> Snuggles Solid Round Neck Casual Baby Girl,93740,4240
 Clothing >> Infants Wear >> Baby Girls >> Winter & Seasonal Wear >> Sweatshirts >> Nino Bambino Sweatshirts >> Nino Bambino Full Sleeve Polka Print Baby Girl,24210,3195
 Clothing >> RAA Kids,8889,954
General,1295645485,120383261
Hiose Girl,196467,19092
Triangle,19688,5382
Triangle Lean,177376,16698
V,132930,6055
clair Car Chargers >> D,510466,42452
r Sprays >> Layer,58760,3724
s Baby Baby Powder >> Johnson,95729,3712
s Beach Bar Glasses >> Buyer,40460,16135
s Beach Cups & Saucers >> Buyer,123284,9464
s Clothing >> Accessories & Combo Sets >> Bandanas >> At Ur Door Bandanas >> At Ur Door Men,156062,13048
s Clothing >> Accessories & Combo Sets >> Bandanas >> Noise Bandanas >> Noise Men,72044,744
s Clothing >> Accessories & Combo Sets >> Bandanas >> Royal Enfield Bandanas >> Royal Enfield Men,2516,384
s Clothing >> Accessories & Combo Sets >> Caps >> Levi,167586,5066
s Clothing >> Accessories & Combo Sets >> Gloves >> Aadishwar Creations Gloves >> Aadishwar Creations Solid Protective Men,9425,2639
s Clothing >> Accessories & Combo Sets >> Gloves >> Cotson Gloves >> Cotson Solid Protective Men,177242,9860
s Clothing >> Accessories & Combo Sets >> Gloves >> Traditions Gloves >> Traditions Printed Protective Men,108043,12673
s Clothing >> Accessories & Combo Sets >> Scarfs >> Anuze Fashions Scarfs >> Anuze Fashions Checkered viscose Men,141999,15279
s Clothing >> Accessories & Combo Sets >> Scarfs >> Selfiwear Scarfs >> Selfiwear Printed Cotton Men,99584,10496
s Clothing >> Accessories & Combo Sets >> Socks >> DOUBLE HORSE Socks >> DOUBLE HORSE Men,109626,9966
s Clothing >> Accessories & Combo Sets >> Socks >> HANS Socks >> HANS Men,68404,9940
s Clothing >> Accessories & Combo Sets >> Socks >> LefJord Socks >> LefJord Men,30330,576
s Clothing >> Accessories & Combo Sets >> Socks >> Mayor Socks >> Mayor Men,185350,33112
s Clothing >> Accessories & Combo Sets >> Socks >> Mode Socks >> Mode Men,771540,46433
s Clothing >> Accessories & Combo Sets >> Socks >> Reebok Socks >> Reebok Men,46872,5832
s Clothing >> Accessories & Combo Sets >> Socks >> SUNPLEON Socks >> SUNPLEON Men,18320,2344
s Clothing >> Accessories & Combo Sets >> Socks >> Texlon Socks >> Texlon Men,129738,24238
s Clothing >> Accessories & Combo Sets >> Socks >> killys Socks >> killys Men,47532,3502
s Clothing >> Accessories & Combo Sets >> Socks >> prored Socks >> prored Men,89931,15407
s Clothing >> Accessories >> Scarves & Stoles >> BOLLYWOOD ACCESSORY Scarves & Stoles >> BOLLYWOOD ACCESSORY Woven Viscose Women,43088,5504
s Clothing >> Accessories >> Scarves & Stoles >> DIVAS CHOICE Scarves & Stoles >> DIVAS CHOICE Animal Print polyester Women,97086,693
s Clothing >> Accessories >> Scarves & Stoles >> DIVAS CHOICE Scarves & Stoles >> DIVAS CHOICE Graphic Print polyester Women,226752,14208
s Clothing >> Accessories >> Scarves & Stoles >> Lotusa Scarves & Stoles >> Lotusa Printed sartan silk Women,63680,5420
s Clothing >> Accessories >> Scarves & Stoles >> SAJAY FASHIONS Scarves & Stoles >> SAJAY FASHIONS Geometric Print COTTON Women,19932,869
s Clothing >> Accessories >> Scarves & Stoles >> skhoza Scarves & Stoles >> skhoza Self Design chiffon Women,58616,3230
"s Clothing >> Cargos, Shorts & 3/4ths >> Three Fourths >> DFH Three Fourths >> DFH Solid Men",17496,540
"s Clothing >> Cargos, Shorts & 3/4ths >> Three Fourths >> Elligator Three Fourths >> Elligator Solid Men",2596,116
"s Clothing >> Cargos, Shorts & 3/4ths >> Three Fourths >> Lance Three Fourths >> Lance Solid Men",242052,20148
"s Clothing >> Cargos, Shorts & 3/4ths >> Three Fourths >> Okane Three Fourths >> Okane Solid Men",72128,7176
"s Clothing >> Cargos, Shorts & 3/4ths >> Three Fourths >> Reinforce Three Fourths >> Reinforce Solid Men",138250,8365
s Clothing >> Clovia Women,24876,1314
s Clothing >> Combo Sets >> FIFO Combo Sets >> FIFO Bottom Women,318278,14188
s Clothing >> DOLZ Women,101982,9407
s Clothing >> Elite Neckties Men,125856,20378
s Clothing >> Ethnic Wear >> Blouses >> ABIDA Blouses >> ABIDA V-Neck Women,60768,2768
s Clothing >> Ethnic Wear >> Blouses >> HUNYBUNI Blouses >> HUNYBUNI Round Neck Women,66945,8706
s Clothing >> Ethnic Wear >> Blouses >> HUNYBUNI Blouses >> HUNYBUNI V-Neck Women,220616,14212
s Clothing >> Ethnic Wear >> Blouses >> KANCHOO Blouses >> KANCHOO V-Neck Women,135828,5068
s Clothing >> Ethnic Wear >> Blouses >> Platinum Blouses >> Platinum Square Neck Women,31579,2645
s Clothing >> Ethnic Wear >> Dupattas >> IPG Dupattas >> IPG Cotton Solid Women,260457,36369
s Clothing >> Ethnic Wear >> Dupattas >> Urbanvillage Dupattas >> Urbanvillage Cotton Self Design Women,62169,9798
s Clothing >> Ethnic Wear >> Ethnic Bottoms >> Harem Pants >> Ankita Harem Pants >> Ankita Printed Cotton Women,71280,4194
s Clothing >> Ethnic Wear >> Ethnic Bottoms >> Harem Pants >> Ankita Harem Pants >> Ankita Printed Polyester Women,117906,3354
s Clothing >> Ethnic Wear >> Ethnic Bottoms >> Harem Pants >> Ankita Harem Pants >> Ankita Printed Rayon Women,101660,24544
s Clothing >> Ethnic Wear >> Ethnic Bottoms >> Harem Pants >> G Fashion Harem Pants >> G Fashion Printed Cotton Women,103782,7076
s Clothing >> Ethnic Wear >> Ethnic Bottoms >> Harem Pants >> G Fashion Harem Pants >> G Fashion Striped Cotton Women,85462,11780
s Clothing >> Ethnic Wear >> Ethnic Bottoms >> Harem Pants >> Nordlich Harem Pants >> Nordlich Printed Cotton Women,5958,2592
s Clothing >> Ethnic Wear >> Ethnic Bottoms >> Harem Pants >> Zadine Harem Pants >> Zadine Printed Cotton Women,54283,4503
s Clothing >> Ethnic Wear >> Ethnic Bottoms >> Leggings & Churidars >> Churidars >> Aurelia Churidars >> Aurelia Cotton Women,35100,4960
s Clothing >> Ethnic Wear >> Ethnic Bottoms >> Leggings & Churidars >> Leggings & Jeggings >> HIMGIRI Leggings & Jeggings >> HIMGIRI Women,72840,13650
s Clothing >> Ethnic Wear >> Ethnic Bottoms >> Leggings & Churidars >> Leggings & Jeggings >> Perfect Leggings & Jeggings >> Perfect Women,129510,20250
s Clothing >> Ethnic Wear >> Ethnic Sets >> Atithee Ethnic Sets >> Atithee Women,98373,3960
s Clothing >> Ethnic Wear >> Ethnic Sets >> Cynthia,93555,13926
s Clothing >> Ethnic Wear >> Ethnic Sets >> DEEPAK N DIVYA Ethnic Sets >> DEEPAK N DIVYA Women,4872,868
s Clothing >> Ethnic Wear >> Ethnic Sets >> KA Ethnic Sets >> KA Women,62595,3276
s Clothing >> Ethnic Wear >> Ethnic Sets >> Lajo Ethnic Sets >> Lajo Women,1705967,143220
s Clothing >> Ethnic Wear >> Ethnic Sets >> Ninecolours Ethnic Sets >> Ninecolours Women,41933,7543
s Clothing >> Ethnic Wear >> Ethnic Sets >> RONAKSILK Ethnic Sets >> RONAKSILK Women,9294,378
s Clothing >> Ethnic Wear >> Ethnic Sets >> Shreeka Ethnic Sets >> Shreeka Women,132159,15210
s Clothing >> Ethnic Wear >> Ethnic Sets >> Sitaram Ethnic Sets >> Sitaram Women,287784,16405
s Clothing >> Ethnic Wear >> Kurtas & Kurtis >> Kurtas >> ADDICTION Kurtas >> ADDICTION Floral Print Women,371353,14490
s Clothing >> Ethnic Wear >> Kurtas & Kurtis >> Kurtas >> AaliyaB Kurtas >> AaliyaB Embellished Women,34260,5904
s Clothing >> Ethnic Wear >> Kurtas & Kurtis >> Kurtas >> Baalaa Kurtas >> Baalaa Printed Women,120558,26497
s Clothing >> Ethnic Wear >> Kurtas & Kurtis >> Kurtas >> Baalaa Kurtas >> Baalaa Solid Women,25993,242
s Clothing >> Ethnic Wear >> Kurtas & Kurtis >> Kurtas >> Baalaa Kurtas >> Baalaa Striped Women,12054,6244
s Clothing >> Ethnic Wear >> Kurtas & Kurtis >> Kurtas >> Embellish outfits Kurtas >> Embellish outfits Embroidered Women,93931,7626
s Clothing >> Ethnic Wear >> Kurtas & Kurtis >> Kurtas >> Embellish outfits Kurtas >> Embellish outfits Graphic Print Women,116010,9630
s Clothing >> Ethnic Wear >> Kurtas & Kurtis >> Kurtas >> Fab Nisa Kurtas >> Fab Nisa Self Design Women,14400,1434
s Clothing >> Ethnic Wear >> Kurtas & Kurtis >> Kurtas >> Fab Nisa Kurtas >> Fab Nisa Solid Women,58278,5302
s Clothing >> Ethnic Wear >> Kurtas & Kurtis >> Kurtas >> Gulmohar Jaipur Kurtas >> Gulmohar Jaipur Embroidered Women,146069,8153
s Clothing >> Ethnic Wear >> Kurtas & Kurtis >> Kurtas >> Gulmohar Jaipur Kurtas >> Gulmohar Jaipur Printed Women,12276,4620
s Clothing >> Ethnic Wear >> Kurtas & Kurtis >> Kurtas >> Love More Kurtas >> Love More Printed Women,163576,22310
s Clothing >> Ethnic Wear >> Kurtas & Kurtis >> Kurtas >> RANGSUTRA Kurtas >> RANGSUTRA Embroidered Women,20748,4886
s Clothing >> Ethnic Wear >> Kurtas & Kurtis >> Kurtas >> Shwetna.com Kurtas >> Shwetna.com Checkered Women,36175,4975
s Clothing >> Ethnic Wear >> Kurtas & Kurtis >> Kurtas >> Shwetna.com Kurtas >> Shwetna.com Embroidered Women,240149,15827
s Clothing >> Ethnic Wear >> Kurtas & Kurtis >> Kurtis >> DeDe,54453,9009
s Clothing >> Ethnic Wear >> Kurtas & Kurtis >> Kurtis >> Fpc Creations Kurtis >> Fpc Creations Party Printed Women,96254,5605
s Clothing >> Ethnic Wear >> Kurtas & Kurtis >> Kurtis >> Jayanti sarees Kurtis >> Jayanti sarees Party Embroidered Women,116957,15836
s Clothing >> Ethnic Wear >> Kurtas & Kurtis >> Kurtis >> NumBrave Kurtis >> NumBrave Casual Embroidered Women,74832,18480
s Clothing >> Ethnic Wear >> Kurtas & Kurtis >> Kurtis >> O,90948,2522
s Clothing >> Ethnic Wear >> Kurtas & Kurtis >> Kurtis >> Rama,88853,21549
s Clothing >> Ethnic Wear >> Kurtas & Kurtis >> Kurtis >> Simply Sapnaa,48631,3465
s Clothing >> Ethnic Wear >> Kurtas & Kurtis >> Kurtis >> saubhagyawatifashions Kurtis >> saubhagyawatifashions Festive Printed Women,17408,5888
s Clothing >> Ethnic Wear >> Kurtas >> FTCBAZAR Kurtas >> FTCBAZAR Solid Men,138129,2706
s Clothing >> Ethnic Wear >> Kurtas >> FreeHand Kurtas >> FreeHand Solid Men,19640,1368
s Clothing >> Ethnic Wear >> Kurtas >> Yepme Kurtas >> Yepme Embroidered Men,23184,4646
s Clothing >> Ethnic Wear >> Lehenga Cholis >> Lehenga Cholis >> Sohardhastshilp Lehenga Cholis >> Sohardhastshilp Self Design Women,39001,15007
s Clothing >> Ethnic Wear >> Lehenga Cholis >> Lehenga Cholis >> fashion bazar Lehenga Cholis >> fashion bazar Self Design Women,114120,2100
s Clothing >> Ethnic Wear >> Lehenga Cholis >> Lehenga Cholis >> fashion rudraksh Lehenga Cholis >> fashion rudraksh Embroidered Women,315340,46759
s Clothing >> Ethnic Wear >> Lehenga Cholis >> Lehenga Cholis >> khodal fashion Lehenga Cholis >> khodal fashion Embroidered Women,87597,10353
s Clothing >> Ethnic Wear >> Sets >> Alark The Ethnic Sets >> Alark The Ethnic Men,163877,13161
s Clothing >> Ethnic Wear >> Sets >> Royal Kurta Sets >> Royal Kurta Men,67050,9025
s Clothing >> Ethnic Wear >> Sets >> Royal Sets >> Royal Men,235029,36257
s Clothing >> Ethnic Wear >> Shirts >> I Know Shirts >> I Know Men,53440,1200
s Clothing >> Ethnic Wear >> Shirts >> Jack & Jones Shirts >> Jack & Jones Printed Men,2068,211
s Clothing >> Ethnic Wear >> Shirts >> Scot Wilson Shirts >> Scot Wilson Men,86430,16340
s Clothing >> Formal Wear >> Dresses >> ATHENA Dresses >> ATHENA Women,88194,8683
s Clothing >> Formal Wear >> Dresses >> Ajaero Dresses >> Ajaero Women,35245,13580
s Clothing >> Formal Wear >> Dresses >> Athena Dresses >> Athena Women,95172,7812
s Clothing >> Formal Wear >> Dresses >> Dernier Wear Dresses >> Dernier Wear Women,222974,18641
s Clothing >> Formal Wear >> Dresses >> Oranje Dresses >> Oranje Women,57137,7650
s Clothing >> Formal Wear >> Shirts >> Aarti Collections Shirts >> Aarti Collections Women,51062,726
s Clothing >> Formal Wear >> Shirts >> Shoprillo Shirts >> Shoprillo Women,176923,18415
s Clothing >> Formal Wear >> Stockings >> AirFlow Stockings >> AirFlow Women,125300,1232
s Clothing >> Formal Wear >> Stockings >> Mee Mee Stockings >> Mee Mee Baby Girl,48410,260
s Clothing >> Formal Wear >> Waistcoats >> KAJCI Waistcoats >> KAJCI Embroidered Women,61455,3810
s Clothing >> Formal Wear >> Waistcoats >> Pick Pocket Waistcoats >> Pick Pocket Embroidered Women,5608,1684
s Clothing >> Formal Wear >> Waistcoats >> Vero Moda Waistcoats >> Vero Moda Self Design Women,103791,10643
s Clothing >> Fusion Wear >> Dresses & Skirts >> Jumpsuit >> Kamakshi Krafts Jumpsuit >> Kamakshi Krafts Printed Women,183964,4181
s Clothing >> Fusion Wear >> Dresses & Skirts >> Jumpsuit >> Kook N Keech Disney Jumpsuit >> Kook N Keech Disney Solid Women,20370,785
s Clothing >> Fusion Wear >> Dresses & Skirts >> Jumpsuit >> Limerence Jumpsuit >> Limerence Solid Women,30476,3364
s Clothing >> Fusion Wear >> Dresses & Skirts >> Jumpsuit >> Uptownie Lite Jumpsuit >> Uptownie Lite Solid Women,169759,41336
s Clothing >> Fusion Wear >> Dresses & Skirts >> Jumpsuit >> W.A.Y Jumpsuit >> W.A.Y Embellished Women,35100,7560
s Clothing >> Fusion Wear >> Jeans & Shorts >> Jeans >> Mast & Harbour Jeans >> Mast & Harbour Skinny Fit Women,64080,10920
s Clothing >> Fusion Wear >> Jeans & Shorts >> Shorts >> RIPR Shorts >> RIPR Self Design Women,59526,7974
s Clothing >> Fusion Wear >> Kurta Kurti >> Kurta >> GO LUCKNOW Kurta >> GO LUCKNOW Embroidered Women,189324,17244
s Clothing >> Fusion Wear >> Kurta Kurti >> Kurta >> Jaipurkurti Kurta >> Jaipurkurti Striped Women,179556,11661
s Clothing >> Fusion Wear >> Kurta Kurti >> Kurti >> Inddus Kurti >> Inddus Party Printed Women,66864,4536
"s Clothing >> Fusion Wear >> Kurta Kurti >> Kurti >> Saar Kurti >> Saar Casual, Party Embellished, Printed Women",231300,17055
"s Clothing >> Fusion Wear >> Shirts, Tops & Tunics >> Polos & Tshirts >> Maniac Polos & Tshirts >> Maniac Solid Women",26726,3024
"s Clothing >> Fusion Wear >> Shirts, Tops & Tunics >> Polos & Tshirts >> Mustard Polos & Tshirts >> Mustard Solid Women",140688,18192
"s Clothing >> Fusion Wear >> Shirts, Tops & Tunics >> Tops >> Fab Palace Tops >> Fab Palace Party Sleeveless Embroidered Women",37464,19614
"s Clothing >> Fusion Wear >> Shirts, Tops & Tunics >> Tops >> NumBrave Tops >> NumBrave Casual 3/4 Sleeve Solid Women",316336,31492
"s Clothing >> Fusion Wear >> Shirts, Tops & Tunics >> Tunics >> BUMPKIN Tunics >> BUMPKIN Printed Women",19393,6235
"s Clothing >> Fusion Wear >> Shirts, Tops & Tunics >> Tunics >> Vala",18900,795
"s Clothing >> Fusion Wear >> Shirts, Tops & Tunics >> Tunics >> trustedsnap Tunics >> trustedsnap Solid Women",29964,270
s Clothing >> Fusion Wear >> Shrugs & Jackets >> Fashion Jackets >> Ridhi-Impex Fashion Jackets >> Ridhi-Impex Full Sleeve Solid Women,13563,411
s Clothing >> Fusion Wear >> Shrugs & Jackets >> Shrug >> ZALULA Shrug >> ZALULA Women,6028,476
s Clothing >> Fusion Wear >> Trousers & Capris >> Capris >> LGC Capris >> LGC Women,208362,15211
s Clothing >> Fusion Wear >> Trousers & Capris >> Capris >> V3iShop Capris >> V3iShop Animal Print Women,47036,3795
s Clothing >> Fusion Wear >> Trousers & Capris >> Trousers >> Bottoms More Trousers >> Bottoms More Regular Fit Women,204921,29872
s Clothing >> Fusion Wear >> Trousers & Capris >> Trousers >> Goodwill Impex Trousers >> Goodwill Impex Regular Fit Women,137295,8883
s Clothing >> Fusion Wear >> Trousers & Capris >> Trousers >> diva boutique Trousers >> diva boutique Regular Fit Women,109672,6006
s Clothing >> Fusion Wear >> Winter & Seasonal Wear >> Shrugs & Jackets >> Very Me Shrugs & Jackets >> Very Me Full Sleeve Solid Women,60865,13422
s Clothing >> Fusion Wear >> Winter & Seasonal Wear >> Sweaters & Pullovers >> Kalt Sweaters & Pullovers >> Kalt Self Design Round Neck Casual Women,44736,7072
s Clothing >> Inner Wear & Sleep Wear >> Boxers >> Magneto Boxers >> Magneto Printed Men,5383,882
s Clothing >> Inner Wear & Sleep Wear >> Briefs >> Andrew Christian Briefs >> Andrew Christian Men,239790,22971
s Clothing >> Inner Wear & Sleep Wear >> Briefs >> Calvin Klein Briefs >> Calvin Klein Men,85228,8580
s Clothing >> Inner Wear & Sleep Wear >> Briefs >> Dispowear Briefs >> Dispowear Men,13668,210
s Clothing >> Inner Wear & Sleep Wear >> Briefs >> King George V Briefs >> King George V Men,115748,1976
s Clothing >> Inner Wear & Sleep Wear >> Briefs >> LUX Briefs >> LUX Men,135314,12934
s Clothing >> Inner Wear & Sleep Wear >> Briefs >> Magideal Briefs >> Magideal Men,243639,5393
s Clothing >> Inner Wear & Sleep Wear >> Briefs >> R-Lon Briefs >> R-Lon Men,210990,16107
s Clothing >> Inner Wear & Sleep Wear >> Briefs >> RAA Briefs >> RAA Men,99030,28249
s Clothing >> Inner Wear & Sleep Wear >> Briefs >> Selfcare Briefs >> Selfcare Men,154132,11284
s Clothing >> Inner Wear & Sleep Wear >> Pyjamas & Lounge Pants >> Antshrike Pyjamas & Lounge Pants >> Antshrike Men,1061335,112916
s Clothing >> Inner Wear & Sleep Wear >> Pyjamas & Lounge Pants >> Clickroo Pyjamas & Lounge Pants >> Clickroo Men,199374,3525
s Clothing >> Inner Wear & Sleep Wear >> Thermals >> Body Care Thermals >> Body Care Plain Men,104862,13642
s Clothing >> Inner Wear & Sleep Wear >> Track Pants >> Demokrazy Track Pants >> Demokrazy Solid Men,98363,12462
s Clothing >> Inner Wear & Sleep Wear >> Track Pants >> Hubberholme Track Pants >> Hubberholme Solid Men,447376,48230
s Clothing >> Inner Wear & Sleep Wear >> Track Pants >> IndiWeaves Track Pants >> IndiWeaves Solid Men,90040,12319
s Clothing >> Inner Wear & Sleep Wear >> Track Pants >> Wajbee Track Pants >> Wajbee Solid Men,39128,1504
s Clothing >> Inner Wear & Sleep Wear >> Track Pants >> o.h.m Track Pants >> o.h.m Solid Men,64856,16676
s Clothing >> Inner Wear & Sleep Wear >> Vests >> BODYSENSE Vests >> BODYSENSE Men,64976,3348
s Clothing >> Inner Wear & Sleep Wear >> Vests >> FRICTION Vests >> FRICTION Men,288786,37090
s Clothing >> Inner Wear & Sleep Wear >> Vests >> L,562857,68596
s Clothing >> Inner Wear & Sleep Wear >> Vests >> Odoky Vests >> Odoky Men,57840,9800
s Clothing >> Inner Wear & Sleep Wear >> Vests >> Osmonde Vests >> Osmonde Men,22750,5460
s Clothing >> Inner Wear & Sleep Wear >> Vests >> SAYITLOUD Vests >> SAYITLOUD Men,383220,31089
s Clothing >> Inner Wear & Sleep Wear >> Vests >> SM Nutrition Vests >> SM Nutrition Men,35346,18189
s Clothing >> Inner Wear & Sleep Wear >> Vests >> V-AARCI Vests >> V-AARCI Men,46290,1310
s Clothing >> Inner Wear & Sleep Wear >> Vests >> Zacharias Vests >> Zacharias Men,315225,24640
s Clothing >> Jeans >> DENIM CAFE Jeans >> DENIM CAFE Slim Fit Men,33026,24451
s Clothing >> Jeans >> Denim 86 Jeans >> Denim 86 Slim Fit Men,186668,15410
s Clothing >> Jeans >> Flying Port Jeans >> Flying Port Slim Fit Men,204506,7298
s Clothing >> Jeans >> Pazel Jeans >> Pazel Slim Fit Men,2742,1566
s Clothing >> Jeans >> SAVON Jeans >> SAVON Slim Fit Men,31340,6940
s Clothing >> Jewlook Men,52038,8154
"s Clothing >> Lingerie, Sleep & Swimwear >> Boxers >> NEXASHOP Boxers >> NEXASHOP Solid Women",8702,4408
"s Clothing >> Lingerie, Sleep & Swimwear >> Bras >> Clovia Bras >> Clovia Women",750487,59270
"s Clothing >> Lingerie, Sleep & Swimwear >> Bras >> Coucou Bras >> Coucou by Zivame - Pro Women",399,282
"s Clothing >> Lingerie, Sleep & Swimwear >> Bras >> Miss Clyra Bras >> Miss Clyra Women",178598,2954
"s Clothing >> Lingerie, Sleep & Swimwear >> Bras >> Rosaline Bras >> Rosaline by Zivame - Pro Women",145653,20680
"s Clothing >> Lingerie, Sleep & Swimwear >> Bras >> Triumph Bras >> Triumph Women",208224,16848
"s Clothing >> Lingerie, Sleep & Swimwear >> Bras >> Viral Girl Bras >> Viral Girl Women",23604,5838
"s Clothing >> Lingerie, Sleep & Swimwear >> Camisoles & Slips >> Clovia Camisoles & Slips >> Clovia Women",10374,3990
"s Clothing >> Lingerie, Sleep & Swimwear >> Camisoles & Slips >> Krasiv Camisoles & Slips >> Krasiv Women",174289,6809
"s Clothing >> Lingerie, Sleep & Swimwear >> Camisoles & Slips >> LIENZ Camisoles & Slips >> LIENZ Women",1385058,114155
"s Clothing >> Lingerie, Sleep & Swimwear >> Camisoles & Slips >> Nimfill Camisoles & Slips >> Nimfill Women",184593,11359
"s Clothing >> Lingerie, Sleep & Swimwear >> Camisoles & Slips >> Scholar Camisoles & Slips >> Scholar Girl",36944,6272
"s Clothing >> Lingerie, Sleep & Swimwear >> Camisoles & Slips >> Selfcare Camisoles & Slips >> Selfcare Women",81161,1727
"s Clothing >> Lingerie, Sleep & Swimwear >> Clovia Lingerie, Sleep & Swimwear >> Clovia Women",148446,28975
"s Clothing >> Lingerie, Sleep & Swimwear >> Night Dresses & Nighties >> Cinderella Night Dresses & Nighties >> Cinderella Women",41954,3817
"s Clothing >> Lingerie, Sleep & Swimwear >> Night Dresses & Nighties >> Embibo Night Dresses & Nighties >> Embibo Women",98187,10316
"s Clothing >> Lingerie, Sleep & Swimwear >> Night Dresses & Nighties >> NIROSHA Night Dresses & Nighties >> NIROSHA Women",75670,11562
"s Clothing >> Lingerie, Sleep & Swimwear >> Night Dresses & Nighties >> SAJNA CELEBRATIONS Night Dresses & Nighties >> SAJNA CELEBRATIONS Women",15818,9196
"s Clothing >> Lingerie, Sleep & Swimwear >> Night Dresses & Nighties >> Simrit Night Dresses & Nighties >> Simrit Women",1276473,158822
"s Clothing >> Lingerie, Sleep & Swimwear >> Night Dresses & Nighties >> Valentine Night Dresses & Nighties >> Valentine Women",49760,5728
"s Clothing >> Lingerie, Sleep & Swimwear >> Night Suits >> Kanvin Night Suits >> Kanvin Women",30926,1232
"s Clothing >> Lingerie, Sleep & Swimwear >> Night Suits >> O Baby Night Suits >> O Baby Women",82626,3102
"s Clothing >> Lingerie, Sleep & Swimwear >> Night Suits >> TAB91 Night Suits >> TAB91 Praveen Women",128865,9999
"s Clothing >> Lingerie, Sleep & Swimwear >> Panties >> Amante Panties >> Amante Women",96870,10332
"s Clothing >> Lingerie, Sleep & Swimwear >> Panties >> Fabiya Panties >> Fabiya Women",621210,60697
"s Clothing >> Lingerie, Sleep & Swimwear >> Panties >> Feminin Panties >> Feminin Women",106548,15249
"s Clothing >> Lingerie, Sleep & Swimwear >> Panties >> Hustler Panties >> Hustler Women",41123,6970
"s Clothing >> Lingerie, Sleep & Swimwear >> Panties >> KHI Panties >> KHI Women",35250,5865
"s Clothing >> Lingerie, Sleep & Swimwear >> Panties >> Miss Clyra Panties >> Miss Clyra Women",838767,56544
"s Clothing >> Lingerie, Sleep & Swimwear >> Panties >> Selfcare Panties >> Selfcare Women",113130,19710
"s Clothing >> Lingerie, Sleep & Swimwear >> Panties >> mae Panties >> mae Women",110208,23088
"s Clothing >> Lingerie, Sleep & Swimwear >> Pyjamas & Lounge Pants >> Fabpoppy Pyjamas & Lounge Pants >> Fabpoppy Women",65112,14028
"s Clothing >> Lingerie, Sleep & Swimwear >> Pyjamas & Lounge Pants >> Fame16 Pyjamas & Lounge Pants >> Fame16 Women",74928,10992
"s Clothing >> Lingerie, Sleep & Swimwear >> Pyjamas & Lounge Pants >> Lambency Pyjamas & Lounge Pants >> Lambency Women",118656,7344
"s Clothing >> Lingerie, Sleep & Swimwear >> Pyjamas & Lounge Pants >> Nite Flite Pyjamas & Lounge Pants >> Nite Flite Women",162640,13120
"s Clothing >> Lingerie, Sleep & Swimwear >> Pyjamas & Lounge Pants >> RIPR Pyjamas & Lounge Pants >> RIPR Women",12564,1000
"s Clothing >> Lingerie, Sleep & Swimwear >> Pyjamas & Lounge Pants >> SHOP FRENZY Pyjamas & Lounge Pants >> SHOP FRENZY Women",135590,7436
"s Clothing >> Lingerie, Sleep & Swimwear >> Pyjamas & Lounge Pants >> SUNWIN Pyjamas & Lounge Pants >> SUNWIN Women",42939,4198
"s Clothing >> Lingerie, Sleep & Swimwear >> Pyjamas & Lounge Pants >> Simrit Pyjamas & Lounge Pants >> Simrit Women",173238,20372
"s Clothing >> Lingerie, Sleep & Swimwear >> Shapewears >> Da intimo Shapewears >> Da intimo Women",61952,9632
"s Clothing >> Lingerie, Sleep & Swimwear >> Shapewears >> GOLDEN GIRL Shapewears >> GOLDEN GIRL Women",62400,8610
"s Clothing >> Lingerie, Sleep & Swimwear >> Shapewears >> HealthMax Shapewears >> HealthMax Women",24955,1005
"s Clothing >> Lingerie, Sleep & Swimwear >> Shapewears >> Man2 OSH Kimaka Shapewears >> Man2 OSH Kimaka Men",26368,2048
"s Clothing >> Lingerie, Sleep & Swimwear >> Shapewears >> Sizzlacious Shapewears >> Sizzlacious Women",59262,7182
"s Clothing >> Lingerie, Sleep & Swimwear >> Shapewears >> Viyasha Shapewears >> Viyasha Women",107856,9128
"s Clothing >> Lingerie, Sleep & Swimwear >> Shapewears >> Wetex Premium Shapewears >> Wetex Premium Women",110044,11734
"s Clothing >> Lingerie, Sleep & Swimwear >> Shapewears >> Wonder World Shapewears >> Wonder World Women",25428,9477
"s Clothing >> Lingerie, Sleep & Swimwear >> Shorts >> Alisha Shorts >> Alisha Solid Women",402315,19858
"s Clothing >> Lingerie, Sleep & Swimwear >> Shorts >> Amirich Shorts >> Amirich Printed Women",105350,1763
"s Clothing >> Lingerie, Sleep & Swimwear >> Shorts >> Lavennder Shorts >> Lavennder Floral Print Women",87264,4416
"s Clothing >> Lingerie, Sleep & Swimwear >> Shorts >> Lavennder Shorts >> Lavennder Printed Women",92859,15249
"s Clothing >> Lingerie, Sleep & Swimwear >> Shorts >> Nordlich Shorts >> Nordlich Printed Women",80180,15542
"s Clothing >> Lingerie, Sleep & Swimwear >> Shorts >> Trendy Divva Shorts >> Trendy Divva Self Design Women",194259,1014
"s Clothing >> Lingerie, Sleep & Swimwear >> Shorts >> Vero Moda Shorts >> Vero Moda Solid Women",181405,12215
"s Clothing >> Lingerie, Sleep & Swimwear >> Sports Bras >> LIME Sports Bras >> LIME Women",10440,810
"s Clothing >> Lingerie, Sleep & Swimwear >> Sports Bras >> SHIMZA Sports Bras >> SHIMZA by SHIMZA - Women",56575,9641
"s Clothing >> Lingerie, Sleep & Swimwear >> Sports Bras >> Sona Sports Bras >> Sona FEEDINGBRA Women",229320,19080
"s Clothing >> Lingerie, Sleep & Swimwear >> Sports Bras >> UR Image Sports Bras >> UR Image by Ur Image - Fashion Women",224360,17293
"s Clothing >> Lingerie, Sleep & Swimwear >> Viral Girl Lingerie, Sleep & Swimwear >> Viral Girl Women",24444,2212
s Clothing >> Maternity Wear >> Change360 Maternity Wear >> Change360 Full Sleeve Solid Women,7617,1227
s Clothing >> Maternity Wear >> Dresses & Skirts >> Dresses >> MomToBe Dresses >> MomToBe Women,41480,6834
s Clothing >> Maternity Wear >> Dresses & Skirts >> Dresses >> Morph Maternity Dresses >> Morph Maternity Women,26544,3325
s Clothing >> Maternity Wear >> Ethnic Wear >> Kurtas & Kurtis >> Cotton Fab Kurtas & Kurtis >> Cotton Fab Printed Women,827906,76254
s Clothing >> Maternity Wear >> Ethnic Wear >> Kurtas & Kurtis >> Cotton Fab Kurtas & Kurtis >> Cotton Fab Solid Women,55584,360
s Clothing >> Maternity Wear >> Ethnic Wear >> Kurtas & Kurtis >> Port Kurtas & Kurtis >> Port Party Embroidered Women,54132,5057
s Clothing >> Maternity Wear >> Gudi Maternity Wear >> Gudi Full Sleeve Striped Women,63539,13398
s Clothing >> Maternity Wear >> Lingerie & Sleepwear >> Panties >> Mee Mee Panties >> Mee Mee Women,41250,7350
s Clothing >> Maternity Wear >> Polos & T-Shirts >> Liz Lange Polos & T-Shirts >> Liz Lange Printed Women,135811,11067
s Clothing >> Navaksha Men,2518247,186054
s Clothing >> Posto Men,140932,5852
s Clothing >> Shirts >> Casual & Party Wear Shirts >> Black Bee Casual & Party Wear Shirts >> Black Bee Men,84684,13288
s Clothing >> Shirts >> Casual & Party Wear Shirts >> CREEDS Casual & Party Wear Shirts >> CREEDS Men,160801,7391
s Clothing >> Shirts >> Casual & Party Wear Shirts >> Calvin Klein Casual & Party Wear Shirts >> Calvin Klein Men,66320,6840
s Clothing >> Shirts >> Casual & Party Wear Shirts >> Cotton World Casual & Party Wear Shirts >> Cotton World Men,135600,9930
s Clothing >> Shirts >> Casual & Party Wear Shirts >> Ebry Casual & Party Wear Shirts >> Ebry Men,416480,22583
s Clothing >> Shirts >> Casual & Party Wear Shirts >> Goodkarma Casual & Party Wear Shirts >> Goodkarma Men,97166,31688
s Clothing >> Shirts >> Casual & Party Wear Shirts >> Livastar Casual & Party Wear Shirts >> Livastar Men,195273,11778
s Clothing >> Shirts >> Casual & Party Wear Shirts >> Marc N,1730784,174512
s Clothing >> Shirts >> Casual & Party Wear Shirts >> Pavino Casual & Party Wear Shirts >> Pavino Men,139408,14538
s Clothing >> Shirts >> Casual & Party Wear Shirts >> Roadster Casual & Party Wear Shirts >> Roadster Men,21590,155
s Clothing >> Shirts >> Casual & Party Wear Shirts >> Shaftesbury London Casual & Party Wear Shirts >> Shaftesbury London Men,824330,74339
s Clothing >> Shirts >> Casual & Party Wear Shirts >> Sleek Line Casual & Party Wear Shirts >> Sleek Line Men,110352,12903
s Clothing >> Shirts >> Casual & Party Wear Shirts >> Stylenara Casual & Party Wear Shirts >> Stylenara Men,39214,615
s Clothing >> Shirts >> Casual & Party Wear Shirts >> Zobello Casual & Party Wear Shirts >> Zobello Men,61448,3628
s Clothing >> Shirts >> Casual & Party Wear Shirts >> chamanhandicrafts Casual & Party Wear Shirts >> chamanhandicrafts Men,104068,21716
s Clothing >> Shirts >> Casual & Party Wear Shirts >> ferari Casual & Party Wear Shirts >> ferari Men,24345,3636
s Clothing >> Shirts >> Formal Shirts >> D,5390,952
s Clothing >> Shirts >> Formal Shirts >> Hoffmen Formal Shirts >> Hoffmen Men,12063,93
s Clothing >> Shirts >> Formal Shirts >> Jain,2444,1004
s Clothing >> Shirts >> Formal Shirts >> John Players Formal Shirts >> John Players Men,36990,4220
s Clothing >> Shirts >> Formal Shirts >> KRiSS Formal Shirts >> KRiSS Men,11044,3564
s Clothing >> Shirts >> Formal Shirts >> Raymond Formal Shirts >> Raymond Men,52688,18389
s Clothing >> Sports & Gym Wear >> Capris >> Valentine Capris >> Valentine Sportswear Women,93217,7719
s Clothing >> Sports & Gym Wear >> Shorts >> Mynte Shorts >> Mynte Solid Women,1009784,127196
s Clothing >> Sports & Gym Wear >> Sports Bras >> C9 Sports Bras >> C9 Women,212341,11136
s Clothing >> Sports & Gym Wear >> Sports Bras >> Clovia Sports Bras >> Clovia Women,69078,3509
s Clothing >> Sports & Gym Wear >> Sports Bras >> Monmione Sports Bras >> Monmione Women,46920,6735
s Clothing >> Sports & Gym Wear >> Sports Bras >> Novel Sports Bras >> Novel Sporty Women,59686,10764
s Clothing >> Sports & Gym Wear >> Sports Bras >> piftif Sports Bras >> piftif Women,74232,4950
s Clothing >> Sports & Gym Wear >> Swim & Beach Wear >> Swimsuits >> Speedo Swimsuits >> Speedo Endurance10+Raceback Solid Women,12628,3772
s Clothing >> Sports & Gym Wear >> Swimsuits >> Carrel Swimsuits >> Carrel Printed Women,71273,12773
s Clothing >> Sports & Gym Wear >> Tights >> Creez Tights >> Creez Printed Women,48300,1050
s Clothing >> Sports & Gym Wear >> Tights >> Creez Tights >> Creez Solid Women,41780,7940
s Clothing >> Sports & Gym Wear >> Tights >> Sai Senorita Tights >> Sai Senorita Solid Women,92598,4048
s Clothing >> Sports & Gym Wear >> Track Pants >> TeeSort Track Pants >> TeeSort Solid Women,125495,13322
s Clothing >> Sports & Gym Wear >> Track Tops >> Berge Track Tops >> Berge Women,18074,1526
s Clothing >> Sports & Gym Wear >> Track Tops >> Texco Track Tops >> Texco Women,121725,2075
s Clothing >> Sports & Gym Wear >> piftif Sports & Gym Wear >> piftif Women,36330,462
s Clothing >> Sports Wear >> Jackets >> HugMe.fashion Jackets >> HugMe.fashion Full Sleeve Solid Men,295087,10378
s Clothing >> Sports Wear >> Jackets >> HugMe.fashion Jackets >> HugMe.fashion Full Sleeve Striped Men,31603,4532
s Clothing >> Sports Wear >> Jackets >> KAVACi Jackets >> KAVACi Full Sleeve Solid Men,102305,12607
s Clothing >> Sports Wear >> Swimsuit & Swimwear >> Speedo Swimsuit & Swimwear >> Speedo Men,146742,18463
s Clothing >> Sports Wear >> Swimsuit & Swimwear >> Speedo Swimsuit & Swimwear >> Speedo Monogram Aquashort Graphic Print Men,97290,8507
s Clothing >> Sports Wear >> Three Fourths >> Reebok Three Fourths >> Reebok Solid Men,35080,1440
s Clothing >> Sports Wear >> Tights >> Champ Tights >> Champ Solid Men,116334,5957
s Clothing >> Sports Wear >> Track Pants >> Finger,142373,13584
s Clothing >> Sports Wear >> Track Pants >> GREENWICH Track Pants >> GREENWICH Solid Men,34661,957
s Clothing >> Sports Wear >> Track Pants >> Quiksilver Track Pants >> Quiksilver Solid Men,103068,1620
s Clothing >> Sports Wear >> Track Pants >> Status Quo Track Pants >> Status Quo Solid Men,182528,5612
s Clothing >> Sports Wear >> Track Pants >> TAMBAS Track Pants >> TAMBAS Solid Men,20780,4056
s Clothing >> Sports Wear >> Track Pants >> Vector X Track Pants >> Vector X Men,127346,8220
s Clothing >> Sports Wear >> Track Tops >> Adidas Track Tops >> Adidas Solid Men,200336,17936
s Clothing >> Sports Wear >> Track Tops >> PurePlay Track Tops >> PurePlay Men,21444,684
s Clothing >> Starsy Women,157130,11970
s Clothing >> Suits & Blazers >> Blazers >> Blackberrys Blazers >> Blackberrys Printed Single Breasted Casual Men,128860,3468
s Clothing >> Suits & Blazers >> Blazers >> Blackberrys Blazers >> Blackberrys Solid Single Breasted Casual Men,272885,14095
s Clothing >> Suits & Blazers >> Blazers >> EASIES Blazers >> EASIES Solid Single Breasted Casual Men,189856,18324
s Clothing >> Suits & Blazers >> Blazers >> Romano Blazers >> Romano Checkered Single Breasted Formal Men,166785,11847
s Clothing >> Suits & Blazers >> Blazers >> Romano Blazers >> Romano Solid Single Breasted Formal Men,241675,18527
s Clothing >> Suits & Blazers >> Blazers >> Sting Blazers >> Sting Solid Single Breasted Casual Men,10944,7560
s Clothing >> Suits & Blazers >> Blazers >> TOC Blazers >> TOC Self Design Single Breasted Festive Men,236745,14985
s Clothing >> Suits & Blazers >> Suits >> Brahaan BLUE TAG Suits >> Brahaan BLUE TAG Single Breasted Solid Men,6001,2652
s Clothing >> Suits & Blazers >> Suits >> Hangrr Suits >> Hangrr Premium Single Breasted Solid Men,112897,13137
s Clothing >> Suits & Blazers >> Suits >> Maveric Suits >> Maveric Pleasing Single Breasted Solid Men,118287,1365
s Clothing >> Suits & Blazers >> Suits >> Richard Cole Suits >> Richard Cole Mandarin Solid Men,16653,1339
s Clothing >> Suits & Blazers >> Suits >> Tatkim Suits >> Tatkim Single Breasted Solid Men,46398,3597
s Clothing >> Suits & Blazers >> Suits >> The Design Factory Suits >> The Design Factory Single Breasted Solid Men,73678,4180
s Clothing >> Suits & Blazers >> Waistcoats >> American-Elm Waistcoats >> American-Elm Solid Men,127680,12306
s Clothing >> Suits & Blazers >> Waistcoats >> Raymond Waistcoats >> Raymond Checkered Men,77392,7888
"s Clothing >> T-Shirts >> ARISE T-Shirts >> ARISE Self Design, Printed Men",129139,11805
s Clothing >> T-Shirts >> BURDY T-Shirts >> BURDY Graphic Print Men,45600,3620
s Clothing >> T-Shirts >> Candy House T-Shirts >> Candy House Solid Men,2389729,205033
s Clothing >> T-Shirts >> Fanideaz T-Shirts >> Fanideaz Printed Men,4651,228
s Clothing >> T-Shirts >> KRAZY KATZ T-Shirts >> KRAZY KATZ Solid Men,52775,875
s Clothing >> T-Shirts >> Nod,1350647,83527
s Clothing >> T-Shirts >> TSG Escape T-Shirts >> TSG Escape Printed Men,9880,736
s Clothing >> TIMBERLAKE Women,76176,432
s Clothing >> Trousers >> ColorPlus Trousers >> ColorPlus Slim Fit Men,95880,11421
s Clothing >> Trousers >> Ennoble Trousers >> Ennoble Slim Fit Men,3411,918
s Clothing >> Trousers >> GM Trousers >> GM Regular Fit Men,193781,4050
s Clothing >> Trousers >> IndiWeaves Trousers >> IndiWeaves Regular Fit Men,458753,33315
s Clothing >> Trousers >> Park Avenue Trousers >> Park Avenue Regular Fit Men,83259,10329
s Clothing >> Trousers >> TruSo Trousers >> TruSo Slim Fit Men,33040,8995
s Clothing >> Trousers >> Zobello Trousers >> Zobello Slim Fit Men,227712,7776
s Clothing >> Viral Girl Women,79492,8313
s Clothing >> Western Wear >> Dresses & Skirts >> Dresses >> AHAANA FASHION Dresses >> AHAANA FASHION Women,94138,7172
s Clothing >> Western Wear >> Dresses & Skirts >> Dresses >> Abony Dresses >> Abony Women,19170,2475
s Clothing >> Western Wear >> Dresses & Skirts >> Dresses >> EthnicQueen Dresses >> EthnicQueen Women,151076,7126
s Clothing >> Western Wear >> Dresses & Skirts >> Dresses >> Fabiya Dresses >> Fabiya Women,174967,9890
s Clothing >> Western Wear >> Dresses & Skirts >> Dresses >> Kirti,19600,5446
s Clothing >> Western Wear >> Dresses & Skirts >> Dresses >> L,421646,66026
s Clothing >> Western Wear >> Dresses & Skirts >> Dresses >> LA ATTIRE Dresses >> LA ATTIRE Women,67256,3976
s Clothing >> Western Wear >> Dresses & Skirts >> Dresses >> Lady Stark Dresses >> Lady Stark Women,67697,6346
s Clothing >> Western Wear >> Dresses & Skirts >> Dresses >> Mineral Dresses >> Mineral Women,12465,1269
s Clothing >> Western Wear >> Dresses & Skirts >> Dresses >> Miway Dresses >> Miway Women,47044,17708
s Clothing >> Western Wear >> Dresses & Skirts >> Dresses >> Prym Dresses >> Prym Women,18995,4669
s Clothing >> Western Wear >> Dresses & Skirts >> Dresses >> TwiQ S.A. Garments Dresses >> TwiQ S.A. Garments Girl,31066,4522
s Clothing >> Western Wear >> Dresses & Skirts >> Dresses >> Vero Moda Dresses >> Vero Moda Women,254589,27283
s Clothing >> Western Wear >> Dresses & Skirts >> Dresses >> Wardtrobe Dresses >> Wardtrobe Women,110751,10643
s Clothing >> Western Wear >> Dresses & Skirts >> Dresses >> Zastraa Dresses >> Zastraa Women,30803,7259
s Clothing >> Western Wear >> Dresses & Skirts >> Dresses >> Zeroed Dresses >> Zeroed Women,42168,3384
s Clothing >> Western Wear >> Dresses & Skirts >> Jumpsuits >> Redesign Jumpsuits >> Redesign Printed Women,66000,9240
s Clothing >> Western Wear >> Dresses & Skirts >> Skirts >> American Swan Skirts >> American Swan Solid Women,47530,2050
"s Clothing >> Western Wear >> Dresses & Skirts >> Skirts >> Antistreet Skirts >> Antistreet Printed, Self Design, Solid Women",103294,20211
s Clothing >> Western Wear >> Dresses & Skirts >> Skirts >> Ethnic Rajasthan Skirts >> Ethnic Rajasthan Animal Print Women,169380,8370
s Clothing >> Western Wear >> Dresses & Skirts >> Skirts >> Gwyn lingerie Skirts >> Gwyn lingerie Floral Print Women,6270,506
s Clothing >> Western Wear >> Dresses & Skirts >> Skirts >> Indiatrendzs Skirts >> Indiatrendzs Embellished Women,18136,3048
s Clothing >> Western Wear >> Dresses & Skirts >> Skirts >> Indigocart Skirts >> Indigocart Printed Women,59917,1352
s Clothing >> Western Wear >> Dresses & Skirts >> Skirts >> Pezzava Skirts >> Pezzava Self Design Women,22380,1575
s Clothing >> Western Wear >> Dresses & Skirts >> Skirts >> SVT ADA COLLECTIONS Skirts >> SVT ADA COLLECTIONS Solid Women,6903,5057
s Clothing >> Western Wear >> Dresses & Skirts >> Skirts >> Shopmore Skirts >> Shopmore Printed Women,71875,3243
s Clothing >> Western Wear >> Dresses & Skirts >> Skirts >> iWonder Skirts >> iWonder Solid Women,190760,11320
s Clothing >> Western Wear >> Jeans & Shorts >> Jeans >> Ajaero Jeans >> Ajaero Slim Fit Women,182535,19589
s Clothing >> Western Wear >> Jeans & Shorts >> Jeans >> BOTH11 Jeans >> BOTH11 Skinny Fit Women,2644,134
s Clothing >> Western Wear >> Jeans & Shorts >> Jeans >> EVER WEAR Jeans >> EVER WEAR REGULAR Fit Women,26486,2380
s Clothing >> Western Wear >> Jeans & Shorts >> Jeans >> GALLOWAY Jeans >> GALLOWAY skinny Fit Women,898454,72907
s Clothing >> Western Wear >> Jeans & Shorts >> Jeans >> HRX by Hrithik Roshan Jeans >> HRX by Hrithik Roshan Skinny Fit Women,363392,14408
s Clothing >> Western Wear >> Jeans & Shorts >> Jeans >> PI ZON Jeans >> PI ZON Slim Fit Women,56742,20496
s Clothing >> Western Wear >> Jeans & Shorts >> Jeans >> Roadster Jeans >> Roadster Skinny Fit Women,91443,8991
s Clothing >> Western Wear >> Jeans & Shorts >> Jeans >> SIESTA Jeans >> SIESTA Slim Fit Women,164479,27574
s Clothing >> Western Wear >> Jeans & Shorts >> Jeans >> SLS Jeans >> SLS Slim Fit Women,20331,2547
s Clothing >> Western Wear >> Jeans & Shorts >> Jeans >> Spa Culture Jeans >> Spa Culture Fit Fit Women,41280,6800
s Clothing >> Western Wear >> Jeans & Shorts >> Jeans >> StyloFashionGarments Jeans >> StyloFashionGarments slim Fit Women,183456,1218
s Clothing >> Western Wear >> Jeans & Shorts >> Jeans >> TARAMA Jeans >> TARAMA Skinny Fit Fit Women,9642,2442
s Clothing >> Western Wear >> Jeans & Shorts >> Jeans >> TIMBERLAKE Jeans >> TIMBERLAKE Slim Fit Fit Women,61240,5562
s Clothing >> Western Wear >> Jeans & Shorts >> Jeans >> fourgee Jeans >> fourgee Slim Fit Women,173651,27666
s Clothing >> Western Wear >> Jeans & Shorts >> Shorts >> Ashdan Shorts >> Ashdan Solid Women,142857,1155
s Clothing >> Western Wear >> Jeans & Shorts >> Shorts >> Only Shorts >> Only Printed Women,196434,12222
s Clothing >> Western Wear >> Leggings & Jeggings >> Leggings & Jeggings >> Amadore Leggings & Jeggings >> Amadore Women,67766,5115
s Clothing >> Western Wear >> Leggings & Jeggings >> Leggings & Jeggings >> Avyak Leggings & Jeggings >> Avyak Women,112847,11703
s Clothing >> Western Wear >> Leggings & Jeggings >> Leggings & Jeggings >> Glitterss Leggings & Jeggings >> Glitterss Women,128979,837
s Clothing >> Western Wear >> Leggings & Jeggings >> Leggings & Jeggings >> Lakos Leggings & Jeggings >> Lakos Women,23012,4180
s Clothing >> Western Wear >> Leggings & Jeggings >> Leggings & Jeggings >> New tastemaker Leggings & Jeggings >> New tastemaker Women,83072,19008
s Clothing >> Western Wear >> Leggings & Jeggings >> Leggings & Jeggings >> Rama Leggings & Jeggings >> Rama Women,34090,2674
s Clothing >> Western Wear >> Leggings & Jeggings >> Leggings & Jeggings >> Tullis Leggings & Jeggings >> Tullis Women,245940,24699
s Clothing >> Western Wear >> Leggings & Jeggings >> Leggings & Jeggings >> Wajbee Leggings & Jeggings >> Wajbee Women,3774,542
s Clothing >> Western Wear >> Leggings & Jeggings >> Leggings & Jeggings >> Zrestha Leggings & Jeggings >> Zrestha Women,103950,10038
s Clothing >> Western Wear >> Leggings & Jeggings >> Leggings & Jeggings >> medha Leggings & Jeggings >> medha Women,322433,30291
s Clothing >> Western Wear >> MIRICHI Western Wear >> MIRICHI Printed Women,86440,1440
s Clothing >> Western Wear >> SIESTA Western Wear >> SIESTA Slim Fit Women,19617,11739
"s Clothing >> Western Wear >> Shirts, Tops & Tunics >> Kaftans >> Awesome Kaftans >> Awesome Self Design FAUX GEORGETTE Women",8226,1386
"s Clothing >> Western Wear >> Shirts, Tops & Tunics >> Kaftans >> HSFS Kaftans >> HSFS Printed Gorgette Women",176750,5495
"s Clothing >> Western Wear >> Shirts, Tops & Tunics >> Polos & T-Shirts >> C9 Polos & T-Shirts >> C9 Checkered Women",113090,16340
"s Clothing >> Western Wear >> Shirts, Tops & Tunics >> Polos & T-Shirts >> C9 Polos & T-Shirts >> C9 Printed Women",3948,324
"s Clothing >> Western Wear >> Shirts, Tops & Tunics >> Polos & T-Shirts >> C9 Polos & T-Shirts >> C9 Solid Women",70315,17917
"s Clothing >> Western Wear >> Shirts, Tops & Tunics >> Polos & T-Shirts >> CLUB YORK Polos & T-Shirts >> CLUB YORK Printed Women",18592,6192
"s Clothing >> Western Wear >> Shirts, Tops & Tunics >> Polos & T-Shirts >> Go India Store Polos & T-Shirts >> Go India Store Solid Women",71660,3382
"s Clothing >> Western Wear >> Shirts, Tops & Tunics >> Polos & T-Shirts >> IndiWeaves Polos & T-Shirts >> IndiWeaves Printed Women",65552,10200
"s Clothing >> Western Wear >> Shirts, Tops & Tunics >> Polos & T-Shirts >> PURYS Polos & T-Shirts >> PURYS Printed Women",116721,4995
"s Clothing >> Western Wear >> Shirts, Tops & Tunics >> Polos & T-Shirts >> Point Fit Polos & T-Shirts >> Point Fit Solid Women",99789,13098
"s Clothing >> Western Wear >> Shirts, Tops & Tunics >> Polos & T-Shirts >> Yepme Polos & T-Shirts >> Yepme Graphic Print Women",117655,14533
"s Clothing >> Western Wear >> Shirts, Tops & Tunics >> Shirts >> 1OAK Shirts >> 1OAK Women",199308,10992
"s Clothing >> Western Wear >> Shirts, Tops & Tunics >> Shirts >> DeDe",526370,60226
"s Clothing >> Western Wear >> Shirts, Tops & Tunics >> Shirts >> Dede",1938,453
"s Clothing >> Western Wear >> Shirts, Tops & Tunics >> Shirts >> Kiosha Shirts >> Kiosha Women",153034,9758
"s Clothing >> Western Wear >> Shirts, Tops & Tunics >> Shirts >> L",19117,2040
"s Clothing >> Western Wear >> Shirts, Tops & Tunics >> Shirts >> Mario Gotze Shirts >> Mario Gotze Women",21362,2200
"s Clothing >> Western Wear >> Shirts, Tops & Tunics >> Shirts >> Ruhaan",14511,141
"s Clothing >> Western Wear >> Shirts, Tops & Tunics >> Starsy Shirts, Tops & Tunics >> Starsy Printed Women",136128,9696
"s Clothing >> Western Wear >> Shirts, Tops & Tunics >> TSG Breeze Shirts, Tops & Tunics >> TSG Breeze Printed Women",19032,948
"s Clothing >> Western Wear >> Shirts, Tops & Tunics >> Tops >> ANASAZI Tops >> ANASAZI Casual Full Sleeve Printed Women",31635,5500
"s Clothing >> Western Wear >> Shirts, Tops & Tunics >> Tops >> ANASAZI Tops >> ANASAZI Casual Full Sleeve Striped Women",65352,8256
"s Clothing >> Western Wear >> Shirts, Tops & Tunics >> Tops >> ANASAZI Tops >> ANASAZI Casual Sleeveless Solid Women",210498,19630
"s Clothing >> Western Wear >> Shirts, Tops & Tunics >> Tops >> ANASAZI Tops >> ANASAZI Casual Sleeveless Striped Women",62440,4320
"s Clothing >> Western Wear >> Shirts, Tops & Tunics >> Tops >> BONHEUR Tops >> BONHEUR Casual 3/4 Sleeve Floral Print Women",5444,562
"s Clothing >> Western Wear >> Shirts, Tops & Tunics >> Tops >> BONHEUR Tops >> BONHEUR Casual Full Sleeve Floral Print Women",45029,16613
"s Clothing >> Western Wear >> Shirts, Tops & Tunics >> Tops >> BONHEUR Tops >> BONHEUR Casual Sleeveless Solid Women",181920,3360
"s Clothing >> Western Wear >> Shirts, Tops & Tunics >> Tops >> Coash Tops >> Coash Casual Sleeveless Printed Women",54612,4824
"s Clothing >> Western Wear >> Shirts, Tops & Tunics >> Tops >> ENTEASE Tops >> ENTEASE Casual 3/4 Sleeve Printed Women",44088,5159
"s Clothing >> Western Wear >> Shirts, Tops & Tunics >> Tops >> FATEN Tops >> FATEN Casual Sleeveless Printed Women",267490,15410
"s Clothing >> Western Wear >> Shirts, Tops & Tunics >> Tops >> FATEN Tops >> FATEN Party Sleeveless Embellished Women",4919,397
"s Clothing >> Western Wear >> Shirts, Tops & Tunics >> Tops >> Fabpoppy Tops >> Fabpoppy Casual Puff Sleeve Printed Women",150027,4472
"s Clothing >> Western Wear >> Shirts, Tops & Tunics >> Tops >> Fabpoppy Tops >> Fabpoppy Casual Sleeveless Printed Women",182315,7350
"s Clothing >> Western Wear >> Shirts, Tops & Tunics >> Tops >> Fabpoppy Tops >> Fabpoppy Casual Sleeveless Solid Women",96165,16875
"s Clothing >> Western Wear >> Shirts, Tops & Tunics >> Tops >> Feminine Tops >> Feminine Casual Sleeveless Printed Women",218168,20667
"s Clothing >> Western Wear >> Shirts, Tops & Tunics >> Tops >> INDRICKA Tops >> INDRICKA Casual Butterfly Sleeve Solid Women",69560,21197
"s Clothing >> Western Wear >> Shirts, Tops & Tunics >> Tops >> INDRICKA Tops >> INDRICKA Casual Full Sleeve Solid Women",130458,16728
"s Clothing >> Western Wear >> Shirts, Tops & Tunics >> Tops >> INDRICKA Tops >> INDRICKA Casual Roll-up Sleeve Solid Women",128174,9386
"s Clothing >> Western Wear >> Shirts, Tops & Tunics >> Tops >> Jahnavi",43208,7458
"s Clothing >> Western Wear >> Shirts, Tops & Tunics >> Tops >> MERIL Tops >> MERIL Casual Full Sleeve Printed Women",281653,27342
"s Clothing >> Western Wear >> Shirts, Tops & Tunics >> Tops >> Martini Tops >> Martini Casual 3/4 Sleeve Solid Women",97926,4408
"s Clothing >> Western Wear >> Shirts, Tops & Tunics >> Tops >> Oner Tops >> Oner Casual Short Sleeve Printed Women",31518,6953
"s Clothing >> Western Wear >> Shirts, Tops & Tunics >> Tops >> PURYS Tops >> PURYS Casual Roll-up Sleeve Printed Women",136836,6012
"s Clothing >> Western Wear >> Shirts, Tops & Tunics >> Tops >> Panit Tops >> Panit Casual 3/4 Sleeve Floral Print Women",39390,3250
"s Clothing >> Western Wear >> Shirts, Tops & Tunics >> Tops >> Philigree Tops >> Philigree Casual 3/4 Sleeve Printed Women",21560,4250
"s Clothing >> Western Wear >> Shirts, Tops & Tunics >> Tops >> Reevolution Tops >> Reevolution Casual Short Sleeve Striped Women",226248,16764
"s Clothing >> Western Wear >> Shirts, Tops & Tunics >> Tops >> Reinvent Tops >> Reinvent Casual Short Sleeve Self Design Women",214022,11252
"s Clothing >> Western Wear >> Shirts, Tops & Tunics >> Tops >> Riot Jeans Tops >> Riot Jeans Casual Short Sleeve Printed Women",155462,10827
"s Clothing >> Western Wear >> Shirts, Tops & Tunics >> Tops >> Riot Jeans Tops >> Riot Jeans Casual Sleeveless Floral Print Women",37410,1245
"s Clothing >> Western Wear >> Shirts, Tops & Tunics >> Tops >> Riot Jeans Tops >> Riot Jeans Casual Sleeveless Printed Women",60242,4676
"s Clothing >> Western Wear >> Shirts, Tops & Tunics >> Tops >> S9 WOMEN Tops >> S9 WOMEN Casual Sleeveless Solid Women",70984,10628
"s Clothing >> Western Wear >> Shirts, Tops & Tunics >> Tops >> Satovira Tops >> Satovira Party Short Sleeve Applique Women",188440,1040
"s Clothing >> Western Wear >> Shirts, Tops & Tunics >> Tops >> Satovira Tops >> Satovira Party Short Sleeve Solid Women",36331,12596
"s Clothing >> Western Wear >> Shirts, Tops & Tunics >> Tops >> Satovira Tops >> Satovira Party Sleeveless Solid Women",389812,27793
"s Clothing >> Western Wear >> Shirts, Tops & Tunics >> Tops >> Selfiwear Tops >> Selfiwear Casual 3/4 Sleeve Printed Women",50460,6645
"s Clothing >> Western Wear >> Shirts, Tops & Tunics >> Tops >> Shivi",118205,22419
"s Clothing >> Western Wear >> Shirts, Tops & Tunics >> Tops >> TAB91 Tops >> TAB91 Casual Short Sleeve Printed Women",216809,34912
"s Clothing >> Western Wear >> Shirts, Tops & Tunics >> Tops >> THELABELLIFE.com Tops >> THELABELLIFE.com Casual Full Sleeve Solid Women",164606,19015
"s Clothing >> Western Wear >> Shirts, Tops & Tunics >> Tops >> Trend Notes Tops >> Trend Notes Casual Sleeveless Solid Women",51794,1305
"s Clothing >> Western Wear >> Shirts, Tops & Tunics >> Tops >> Tryfa Tops >> Tryfa Casual Sleeveless Solid Women",29169,4851
"s Clothing >> Western Wear >> Shirts, Tops & Tunics >> Tops >> VRTYA Tops >> VRTYA Casual Short Sleeve Solid Women",262257,17256
"s Clothing >> Western Wear >> Shirts, Tops & Tunics >> Tops >> VRTYA Tops >> VRTYA Casual Sleeveless Solid Women",201081,45044
"s Clothing >> Western Wear >> Shirts, Tops & Tunics >> Tops >> Vastrani Tops >> Vastrani Casual Full Sleeve Printed Women",47350,4175
"s Clothing >> Western Wear >> Shirts, Tops & Tunics >> Tops >> Wajbee Tops >> Wajbee Casual 3/4 Sleeve Solid Women",318925,63535
"s Clothing >> Western Wear >> Shirts, Tops & Tunics >> Tops >> ZAIRE Tops >> ZAIRE Casual 3/4 Sleeve Floral Print Women",104220,12474
"s Clothing >> Western Wear >> Shirts, Tops & Tunics >> Tops >> ZAIRE Tops >> ZAIRE Casual 3/4 Sleeve Polka Print Women",218302,12026
"s Clothing >> Western Wear >> Shirts, Tops & Tunics >> Tops >> ZAIRE Tops >> ZAIRE Casual 3/4 Sleeve Printed Women",144258,13334
"s Clothing >> Western Wear >> Shirts, Tops & Tunics >> Tops >> esoft Tops >> esoft Casual 3/4 Sleeve Solid Women",61668,5100
"s Clothing >> Western Wear >> Shirts, Tops & Tunics >> Tops >> esoft Tops >> esoft Casual Short Sleeve Solid Women",224587,7612
"s Clothing >> Western Wear >> Shirts, Tops & Tunics >> Tops >> esoft Tops >> esoft Casual Sleeveless Solid Women",309099,27954
"s Clothing >> Western Wear >> Shirts, Tops & Tunics >> Tunics >> Ira Soleil Tunics >> Ira Soleil Solid Women",182680,5960
"s Clothing >> Western Wear >> Shirts, Tops & Tunics >> Tunics >> L",100579,4945
s Clothing >> Western Wear >> Shrugs & Jackets >> Fashion Jackets >> Hitobito Fashion Jackets >> Hitobito Full Sleeve Solid Women,21912,10076
s Clothing >> Western Wear >> Shrugs & Jackets >> Fashion Jackets >> People Fashion Jackets >> People 3/4 Sleeve Solid Women,147336,18942
s Clothing >> Western Wear >> Shrugs & Jackets >> Fashion Jackets >> People Fashion Jackets >> People Full Sleeve Solid Women,224915,25500
s Clothing >> Western Wear >> Shrugs & Jackets >> Shrugs >> Orange and Orchid Shrugs >> Orange and Orchid Women,130500,26544
s Clothing >> Western Wear >> Shrugs & Jackets >> Shrugs >> PURYS Shrugs >> PURYS Women,140319,6183
s Clothing >> Western Wear >> Shrugs & Jackets >> Shrugs >> SKIDLERS Shrugs >> SKIDLERS Women,28206,3168
s Clothing >> Western Wear >> Shrugs & Jackets >> Shrugs >> carrol Shrugs >> carrol Women,903564,87139
s Clothing >> Western Wear >> Shrugs & Jackets >> Sports Jackets >> LATHERO Sports Jackets >> LATHERO Full Sleeve Self Design Women,154401,8917
s Clothing >> Western Wear >> Trousers & Capris >> Capris >> Cobb Capris >> Cobb Women,17361,13284
s Clothing >> Western Wear >> Trousers & Capris >> Capris >> Fabpoppy Capris >> Fabpoppy Women,16880,2040
s Clothing >> Western Wear >> Trousers & Capris >> Dungarees >> X-Poz Dungarees >> X-Poz Women,23008,3384
s Clothing >> Western Wear >> Trousers & Capris >> Trousers >> A A STORE Trousers >> A A STORE Regular Fit Women,277842,10842
s Clothing >> Western Wear >> Trousers & Capris >> Trousers >> Alobha Trousers >> Alobha Regular Fit Women,24673,4642
s Clothing >> Western Wear >> Trousers & Capris >> Trousers >> Bottoms More Trousers >> Bottoms More Slim Fit Women,309701,9787
s Clothing >> Western Wear >> Trousers & Capris >> Trousers >> CHIKFAB Trousers >> CHIKFAB Regular Fit Women,121173,14937
s Clothing >> Western Wear >> Trousers & Capris >> Trousers >> Meera Trousers >> Meera Regular Fit Women,168378,14574
s Clothing >> Western Wear >> Trousers & Capris >> Trousers >> PANIT Trousers >> PANIT Regular Fit Women,99690,9148
s Clothing >> Western Wear >> Trousers & Capris >> Trousers >> Pezzava Trousers >> Pezzava Regular Fit Women,30596,1202
s Clothing >> Western Wear >> Trousers & Capris >> Trousers >> Pioneer International Trousers >> Pioneer International Regular Fit Women,77760,6380
s Clothing >> Western Wear >> Trousers & Capris >> Trousers >> United Colors of Benetton Trousers >> United Colors of Benetton Slim Fit Women,184001,13394
s Clothing >> Western Wear >> Trousers & Capris >> Trousers >> Vero Moda Trousers >> Vero Moda Regular Fit Women,199983,8895
s Clothing >> Western Wear >> Trousers & Capris >> Trousers >> W Trousers >> W Regular Fit Women,113870,16875
s Clothing >> Western Wear >> Trousers & Capris >> Trousers >> feminine Trousers >> feminine Regular Fit Women,20072,2912
s Clothing >> Western Wear >> fourgee Western Wear >> fourgee Slim Fit Women,14770,1722
s Clothing >> Western Wear >> run of luck Western Wear >> run of luck Solid Women,3748,740
s Clothing >> Winter & Seasonal Wear >> Cardigans >> LAADLI JI Cardigans >> LAADLI JI Women,68006,4921
s Clothing >> Winter & Seasonal Wear >> Cardigans >> Roadster Cardigans >> Roadster Men,47360,3400
s Clothing >> Winter & Seasonal Wear >> Coats >> Only Coats >> Only Women,106293,12144
s Clothing >> Winter & Seasonal Wear >> Jackets >> Autokartindia Jackets >> Autokartindia Full Sleeve Solid Men,73668,8932
s Clothing >> Winter & Seasonal Wear >> Jackets >> Ethiic Jackets >> Ethiic Sleeveless Self Design Men,122670,19305
s Clothing >> Winter & Seasonal Wear >> Jackets >> HRX by Hrithik Roshan Jackets >> HRX by Hrithik Roshan Full Sleeve Printed Men,84915,5355
s Clothing >> Winter & Seasonal Wear >> Jackets >> HugMe.fashion Jackets >> HugMe.fashion Full Sleeve Solid Men,237875,7748
s Clothing >> Winter & Seasonal Wear >> Jackets >> KazamaKraft Jackets >> KazamaKraft Full Sleeve Solid Men,69192,1705
s Clothing >> Winter & Seasonal Wear >> Jackets >> SKOOKIE Jackets >> SKOOKIE Sleeveless Solid Men,38060,3828
s Clothing >> Winter & Seasonal Wear >> Pullovers >> American Swan Pullovers >> American Swan V-neck Solid Men,85468,4991
s Clothing >> Winter & Seasonal Wear >> Pullovers >> Monte Carlo Pullovers >> Monte Carlo Round Neck Printed Men,28686,2214
s Clothing >> Winter & Seasonal Wear >> Pullovers >> V3Squared Pullovers >> V3Squared V-neck Solid Men,238924,31887
s Clothing >> Winter & Seasonal Wear >> Raincoats >> REAL Raincoats >> REAL Graphic Print Girl,30744,12712
s Clothing >> Winter & Seasonal Wear >> Raincoats >> Rainfun Raincoats >> Rainfun Self Design Women,56408,8228
s Clothing >> Winter & Seasonal Wear >> Raincoats >> Rainfun Raincoats >> Rainfun Solid Men,40645,3751
s Clothing >> Winter & Seasonal Wear >> Shrugs & Jackets >> Fashion Jackets >> People Fashion Jackets >> People Full Sleeve Solid Women,63045,5562
s Clothing >> Winter & Seasonal Wear >> Sweaters & Pullovers >> Kazo Sweaters & Pullovers >> Kazo Round Neck Woven Women,134823,1716
s Clothing >> Winter & Seasonal Wear >> Sweaters & Pullovers >> Marks & Spencer Sweaters & Pullovers >> Marks & Spencer Solid Turtle Neck Casual Women,83908,5060
s Clothing >> Winter & Seasonal Wear >> Sweaters & Pullovers >> Monte Carlo Sweaters & Pullovers >> Monte Carlo Solid Round Neck Casual Women,46860,11319
s Clothing >> Winter & Seasonal Wear >> Sweaters & Pullovers >> Nineteen Sweaters & Pullovers >> Nineteen Solid Round Neck Casual Women,97664,15296
s Clothing >> Winter & Seasonal Wear >> Sweaters & Pullovers >> Spink Sweaters & Pullovers >> Spink Solid Round Neck Casual Women,24300,14250
s Clothing >> Winter & Seasonal Wear >> Sweaters >> Nautica Sweaters >> Nautica Solid Turtle Neck Casual Men,18045,375
s Clothing >> Winter & Seasonal Wear >> Sweaters >> Nautica Sweaters >> Nautica Striped Round Neck Casual Men,51794,1406
s Clothing >> Winter & Seasonal Wear >> Sweaters >> Romano Sweaters >> Romano Striped Scoop Neck Casual Men,31228,12321
s Clothing >> Winter & Seasonal Wear >> Sweaters >> o.h.m Sweaters >> o.h.m Solid Round Neck Casual Men,60948,3660
s Clothing >> Winter & Seasonal Wear >> Sweatshirts >> Ashdan Sweatshirts >> Ashdan Sleeveless Solid Men,200970,1980
s Clothing >> Winter & Seasonal Wear >> Sweatshirts >> ISHWA Sweatshirts >> ISHWA Full Sleeve Graphic Print Men,43245,1333
s Clothing >> Winter & Seasonal Wear >> Sweatshirts >> KAROZ Sweatshirts >> KAROZ Full Sleeve Solid Women,221364,10793
s Clothing >> Winter & Seasonal Wear >> Sweatshirts >> PALSUN WEARS Sweatshirts >> PALSUN WEARS Full Sleeve Striped Men,26520,1032
s Clothing >> Winter & Seasonal Wear >> Sweatshirts >> Prrem,67875,5175
s Clothing >> Winter & Seasonal Wear >> Sweatshirts >> Roadster Sweatshirts >> Roadster Half Sleeve Solid Women,35608,1272
s Clothing >> Winter & Seasonal Wear >> Sweatshirts >> Romano Sweatshirts >> Romano Full Sleeve Solid Women,21120,255
s Clothing >> Winter & Seasonal Wear >> Sweatshirts >> Romano Sweatshirts >> Romano Full Sleeve Striped Men,56190,5970
s Clothing >> Winter & Seasonal Wear >> Sweatshirts >> SayItLoud Sweatshirts >> SayItLoud Full Sleeve Solid Men,94250,12180
s Clothing >> Winter & Seasonal Wear >> Sweatshirts >> Wake Up Competition Sweatshirts >> Wake Up Competition Full Sleeve Solid Men,45220,5539
s Clothing >> Winter & Seasonal Wear >> Sweatshirts >> Wake Up Competition Sweatshirts >> Wake Up Competition Full Sleeve Striped Men,70760,19320
s Clothing >> Winter & Seasonal Wear >> Sweatshirts >> Yepme Sweatshirts >> Yepme Full Sleeve Solid Women,21396,1560
s Clothing >> Winter & Seasonal Wear >> Thermals >> Day By Day Thermals >> Day By Day Men,274418,23226
s Clothing >> Winter & Seasonal Wear >> Thermals >> Lux Inferno Thermals >> Lux Inferno Men,40880,5775
s Clothing >> Winter & Seasonal Wear >> Windcheaters >> Mizuno Windcheaters >> Mizuno Lightweight Hoody Solid Men,29712,2124
s Clothing >> fourgee Women,81696,13708
s Creations Baby Bedsheets >> Ruhi,58652,8646
s Footwear >> Casual Shoes >> Boysen,227513,20210
s Footwear >> Casual Shoes >> Lord,225957,9142
s Footwear >> Casual Shoes >> Mocassins >> D,32620,329
s Footwear >> Formal Shoes >> Adam,29394,6552
s Footwear >> Formal Shoes >> Khadim,68384,13824
s Grooming >> Sivanna Men,65246,629
s Home Furnishing >> Kripa,27888,1326
s In Men,317291,15981
s Living Room Furnishing >> Zaffre,48582,6642
s Secret Combos and Kits >> Victoria,114996,3780
s Shampoos >> Dr. Thapar,46480,3340
s Shuttles >> Anand,381792,21447
"s, Women",27777,9509
